ContractName,Open,High,Low,Close,Settlement,Volume,OpenInterest
Cal-2018,30.9,30.9,30.05,30.1,30.08,0,0
Cal-2018,30.1,30.1,28.7,28.7,29.26,0,0
Cal-2018,28.6,29.3,28.6,29.3,29.05,0,0
Cal-2018,29.1,29.8,29.1,29.4,29.6,0,0
Cal-2018,29.65,29.65,28.5,28.57,28.71,0,0
Cal-2018,29.0,29.1,28.15,28.7,28.42,0,0
Cal-2018,28.9,30.0,28.85,30.0,29.74,0,0
Cal-2018,30.3,30.9,30.15,30.85,30.65,0,0
Cal-2018,31.0,31.05,30.2,30.25,30.41,0,0
Cal-2018,30.05,30.55,29.85,30.2,30.29,0,0
Cal-2018,30.0,30.0,29.34,29.39,29.47,0,0
Cal-2018,29.25,30.5,29.25,30.45,30.35,0,0
Cal-2018,30.65,30.75,30.03,30.15,30.47,0,0
Cal-2018,30.55,30.85,29.92,30.11,30.11,0,0
Cal-2018,29.95,30.9,29.9,30.8,30.79,0,0
Cal-2018,30.93,31.5,30.9,31.25,31.2,0,0
Cal-2018,31.0,31.0,30.36,30.36,30.5,0,0
Cal-2018,30.45,30.45,29.55,29.55,29.9,0,0
Cal-2018,29.55,29.84,29.2,29.75,29.6,0,0
Cal-2018,29.45,29.5,28.95,29.0,29.07,0,0
Cal-2018,29.3,29.75,29.25,29.7,29.6,0,0
Cal-2018,30.1,30.25,29.8,30.1,30.1,0,0
Cal-2018,30.25,30.6,30.1,30.2,30.3,0,0
Cal-2018,30.17,30.55,29.99,30.4,30.3,0,0
Cal-2018,30.25,30.5,29.85,29.9,30.02,0,0
Cal-2018,29.7,29.84,29.55,29.75,29.76,0,0
Cal-2018,29.65,30.3,29.47,30.14,29.9,0,0
Cal-2018,29.8,30.15,29.75,30.05,30.01,0,0
Cal-2018,30.2,30.52,30.03,30.35,30.4,0,0
Cal-2018,30.1,30.24,29.95,30.06,29.96,0,0
Cal-2018,29.6,29.9,29.5,29.5,29.63,0,0
Cal-2018,29.55,29.85,29.5,29.8,29.6,0,0
Cal-2018,29.85,30.25,29.85,30.15,30.22,0,0
Cal-2018,30.35,30.4,29.95,30.0,30.12,0,0
Cal-2018,29.9,30.2,29.8,30.15,30.09,0,0
Cal-2018,30.1,31.1,30.1,30.85,31.03,0,0
Cal-2018,31.15,31.2,30.6,30.9,30.7,0,0
Cal-2018,30.7,30.95,30.58,30.95,30.9,0,0
Cal-2018,30.85,31.4,30.75,31.2,31.26,0,0
Cal-2018,31.15,31.45,31.0,31.1,31.34,0,0
Cal-2018,31.3,31.34,30.55,30.7,30.83,0,0
Cal-2018,30.8,30.85,30.16,30.2,30.4,0,0
Cal-2018,30.4,31.25,30.25,31.23,30.85,0,0
Cal-2018,31.25,31.45,30.6,30.6,30.88,0,0
Cal-2018,30.6,30.8,30.45,30.75,30.49,0,0
Cal-2018,30.6,30.65,30.25,30.65,30.45,0,0
Cal-2018,30.75,30.75,30.05,30.05,30.3,0,0
Cal-2018,29.8,29.91,29.65,29.89,29.8,0,0
Cal-2018,29.57,29.8,29.35,29.45,29.5,0,0
Cal-2018,29.35,29.75,29.35,29.55,29.62,0,0
Cal-2018,29.3,29.65,29.25,29.6,29.43,0,0
Cal-2018,29.7,29.85,29.45,29.5,29.49,0,0
Cal-2018,29.7,29.85,29.57,29.77,29.77,0,0
Cal-2018,29.7,29.8,29.37,29.4,29.59,0,0
Cal-2018,29.26,29.5,29.26,29.5,29.39,0,0
Cal-2018,29.35,29.35,29.01,29.08,29.2,0,0
Cal-2018,29.1,29.1,28.52,28.55,28.65,0,0
Cal-2018,28.35,28.58,28.25,28.45,28.39,0,0
Cal-2018,28.5,28.67,28.35,28.65,28.5,0,0
Cal-2018,28.55,28.84,28.45,28.52,28.66,0,0
Cal-2018,28.45,28.55,27.95,28.05,28.01,0,0
Cal-2018,28.0,28.85,28.0,28.8,28.43,0,0
Cal-2018,28.85,29.4,28.7,29.4,29.17,0,0
Cal-2018,29.5,29.75,29.0,29.65,29.36,0,0
Cal-2018,29.6,29.85,29.35,29.35,29.77,0,0
Cal-2018,29.6,30.35,29.6,30.35,30.08,0,0
Cal-2018,30.4,30.45,29.72,29.77,29.96,0,0
Cal-2018,29.7,30.3,29.62,30.1,30.3,0,0
Cal-2018,30.05,30.7,30.05,30.45,30.61,0,0
Cal-2018,30.7,30.7,30.03,30.03,30.22,0,0
Cal-2018,30.0,30.24,29.45,29.5,29.77,0,0
Cal-2018,29.4,29.67,29.3,29.67,29.39,0,0
Cal-2018,29.7,30.25,29.7,29.95,30.09,0,0
Cal-2018,30.15,30.28,30.0,30.1,30.2,0,0
Cal-2018,29.9,30.2,29.7,30.15,29.94,0,0
Cal-2018,30.15,30.49,30.05,30.05,30.39,0,0
Cal-2018,30.0,30.3,30.0,30.05,30.18,0,0
Cal-2018,30.15,30.21,29.8,29.8,30.18,0,0
Cal-2018,,,,,29.4,0,0
Cal-2018,29.35,29.4,29.06,29.06,29.07,3,0
Cal-2018,29.35,29.35,29.35,29.35,29.35,1,3
Cal-2018,29.6,29.6,29.6,29.6,29.41,1,4
Cal-2018,,,,,29.63,0,5
Cal-2018,29.6,29.6,29.6,29.6,29.5,5,5
Cal-2018,,,,,29.39,0,11
Cal-2018,29.2,29.2,29.02,29.02,29.04,19,10
Cal-2018,28.9,29.3,28.85,29.3,29.25,54,21
Cal-2018,29.25,29.25,28.95,28.95,29.0,40,56
Cal-2018,28.8,28.95,28.75,28.75,28.76,45,81
Cal-2018,29.1,29.1,28.9,28.9,28.99,15,125
Cal-2018,29.05,29.05,28.85,28.85,28.85,32,133
Cal-2018,28.8,28.85,28.61,28.85,28.81,25,140
Cal-2018,28.9,28.9,28.75,28.85,28.8,40,164
Cal-2018,28.9,29.1,28.9,29.0,29.1,31,184
Cal-2018,29.05,29.46,28.95,29.45,29.38,42,213
Cal-2018,29.5,29.57,29.3,29.54,29.46,32,232
Cal-2018,29.7,29.75,29.63,29.75,29.63,33,246
Cal-2018,29.75,30.25,29.75,30.25,30.21,21,264
Cal-2018,30.25,30.45,30.05,30.2,30.37,35,289
Cal-2018,29.95,30.3,29.95,30.3,30.31,16,312
Cal-2018,30.2,30.2,30.0,30.0,30.06,11,321
Cal-2018,29.95,30.1,29.95,30.0,30.1,30,328
Cal-2018,30.2,30.35,30.2,30.35,30.37,17,358
Cal-2018,30.55,30.73,30.55,30.65,30.77,27,375
Cal-2018,30.6,30.6,30.4,30.5,30.37,25,402
Cal-2018,30.25,30.35,30.2,30.2,30.17,25,402
Cal-2018,30.15,30.45,30.15,30.45,30.51,36,427
Cal-2018,30.9,31.05,30.9,31.05,30.71,3,463
Cal-2018,30.6,31.0,30.4,30.4,30.61,99,463
Cal-2018,30.6,30.7,30.55,30.59,30.52,33,532
Cal-2018,30.6,30.95,30.6,30.95,30.75,50,565
Cal-2018,31.0,31.0,30.78,31.0,30.96,76,618
Cal-2018,30.8,31.0,30.35,30.35,30.63,49,673
Cal-2018,30.55,30.55,30.4,30.55,30.4,50,712
Cal-2018,30.6,30.6,30.4,30.45,30.51,38,734
Cal-2018,30.35,30.45,30.35,30.45,30.47,20,763
Cal-2018,30.3,30.4,30.3,30.4,30.38,25,778
Cal-2018,30.55,30.9,30.55,30.9,30.95,33,803
Cal-2018,31.0,31.2,30.95,31.05,31.08,58,831
Cal-2018,30.95,31.1,30.85,30.85,30.87,54,896
Cal-2018,30.65,30.7,30.58,30.7,30.72,33,935
Cal-2018,30.51,30.55,30.45,30.45,30.47,35,950
Cal-2018,30.45,30.65,30.4,30.4,30.48,50,980
Cal-2018,30.35,30.7,30.35,30.7,30.65,35,1020
Cal-2018,30.7,30.8,30.65,30.8,30.82,58,1071
Cal-2018,31.0,31.05,30.85,30.85,30.81,44,1119
Cal-2018,30.75,30.75,30.66,30.7,30.74,26,1164
Cal-2018,30.9,31.15,30.8,31.15,31.05,47,1185
Cal-2018,31.1,31.3,31.05,31.22,31.29,50,1232
Cal-2018,31.25,31.35,31.2,31.2,31.31,30,1265
Cal-2018,31.2,31.75,31.2,31.75,31.67,57,1286
Cal-2018,31.65,31.75,31.55,31.73,31.8,59,1335
Cal-2018,31.9,31.95,31.65,31.65,31.69,42,1377
Cal-2018,31.55,31.55,31.1,31.1,31.31,43,1393
Cal-2018,31.2,31.4,31.2,31.25,31.37,42,1426
Cal-2018,31.4,31.57,31.27,31.27,31.45,95,1469
Cal-2018,31.15,31.3,31.0,31.3,31.26,30,1533
Cal-2018,31.35,31.55,31.35,31.55,31.48,42,1551
Cal-2018,31.7,31.8,31.6,31.63,31.64,65,1589
Cal-2018,31.7,31.75,31.6,31.75,31.61,36,1641
Cal-2018,31.6,31.9,31.6,31.75,31.83,51,1671
Cal-2018,31.7,31.77,31.6,31.6,31.59,27,1721
Cal-2018,31.45,31.45,31.2,31.2,31.16,46,1748
Cal-2018,31.2,31.3,30.95,31.3,31.11,113,1774
Cal-2018,31.35,31.35,31.25,31.27,31.27,55,1867
Cal-2018,31.25,31.25,31.0,31.25,31.24,59,1898
Cal-2018,31.15,31.25,31.1,31.25,31.17,32,1931
Cal-2018,31.5,31.55,31.45,31.45,31.45,42,1956
Cal-2018,31.4,31.4,31.12,31.12,31.12,52,1993
Cal-2018,31.0,31.2,31.0,31.1,31.14,38,2045
Cal-2018,30.9,31.1,30.9,31.05,31.03,34,2078
Cal-2018,31.2,31.28,31.2,31.2,31.2,26,2102
Cal-2018,31.25,31.4,31.25,31.4,31.37,17,2122
Cal-2018,31.25,31.3,31.15,31.15,31.18,36,2139
Cal-2018,31.15,31.65,31.15,31.65,31.58,26,2174
Cal-2018,31.8,31.9,31.75,31.8,31.81,56,2190
Cal-2018,31.65,32.2,31.65,32.1,32.07,58,2227
Cal-2018,32.1,32.55,32.1,32.5,32.45,65,2272
Cal-2018,32.3,32.55,32.15,32.15,32.26,55,2321
Cal-2018,32.15,33.09,32.15,33.0,32.69,83,2330
Cal-2018,33.6,33.7,33.15,33.25,33.12,40,2391
Cal-2018,33.3,33.35,33.05,33.05,33.11,27,2400
Cal-2018,33.35,33.35,32.75,32.85,32.82,51,2405
Cal-2018,32.8,32.97,32.65,32.97,32.75,34,2431
Cal-2018,32.9,33.25,32.9,33.25,33.2,31,2457
Cal-2018,33.45,33.5,33.2,33.4,33.41,46,2482
Cal-2018,33.55,33.6,33.5,33.6,33.62,28,2503
Cal-2018,33.65,33.85,33.65,33.8,33.75,7,2521
Cal-2018,33.8,33.85,33.4,33.45,33.4,47,2529
Cal-2018,33.7,33.7,33.5,33.5,33.6,37,2569
Cal-2018,33.35,33.35,33.25,33.28,33.3,20,2591
Cal-2018,33.4,33.4,33.4,33.4,33.41,5,2609
Cal-2018,33.5,33.57,33.43,33.57,33.55,19,2617
Cal-2018,33.8,34.4,33.8,34.4,34.2,54,2621
Cal-2018,34.3,34.6,34.2,34.5,34.39,97,2681
Cal-2018,34.6,34.6,34.3,34.6,34.43,50,2738
Cal-2018,34.64,35.05,34.64,35.0,34.96,77,2749
Cal-2018,35.2,35.25,35.05,35.1,35.04,48,2823
Cal-2018,35.05,35.15,34.8,35.05,34.89,67,2851
Cal-2018,34.85,35.9,34.85,35.9,35.84,91,2902
Cal-2018,36.45,36.8,36.35,36.4,36.53,101,2938
Cal-2018,36.1,36.1,35.55,35.75,35.64,66,2995
Cal-2018,35.5,36.0,35.45,35.5,35.65,46,3043
Cal-2018,35.75,36.35,35.75,36.15,36.15,47,3072
Cal-2018,36.35,36.35,35.9,35.9,35.95,48,3070
Cal-2018,35.5,35.5,35.05,35.1,35.2,117,3100
Cal-2018,35.0,35.2,34.9,35.2,35.16,34,3207
Cal-2018,35.6,36.45,35.55,36.45,36.2,57,3234
Cal-2018,36.55,36.7,35.75,36.1,35.91,64,3301
Cal-2018,35.65,35.9,35.5,35.85,35.85,55,3337
Cal-2018,35.45,36.25,35.4,35.4,35.99,85,3391
Cal-2018,35.3,35.65,34.75,34.75,34.85,67,3467
Cal-2018,35.0,35.05,34.36,34.75,34.54,51,3497
Cal-2018,34.9,35.15,34.85,34.9,34.84,37,3553
Cal-2018,35.0,35.4,35.0,35.3,35.27,100,3599
Cal-2018,35.55,35.55,35.2,35.5,35.39,54,3630
Cal-2018,35.2,35.4,35.1,35.3,35.38,74,3677
Cal-2018,35.05,35.15,34.81,35.15,35.14,40,3723
Cal-2018,34.9,35.5,34.9,35.5,35.36,59,3760
Cal-2018,35.7,36.0,35.6,35.6,35.91,41,3812
Cal-2018,35.65,35.95,35.55,35.85,35.72,52,3857
Cal-2018,35.7,36.2,35.7,36.1,36.2,55,3907
Cal-2018,36.3,36.5,36.15,36.45,36.39,34,3966
Cal-2018,36.7,36.7,36.3,36.4,36.35,51,4012
Cal-2018,36.4,36.85,36.4,36.85,36.8,75,4078
Cal-2018,37.0,37.15,36.5,36.5,36.53,70,4173
Cal-2018,36.25,36.3,35.75,35.94,35.9,69,4225
Cal-2018,35.95,35.95,35.7,35.8,35.9,68,4306
Cal-2018,35.7,36.2,35.6,36.15,36.14,155,4340
Cal-2018,36.25,36.55,36.25,36.35,36.48,71,4512
Cal-2018,36.5,36.79,36.25,36.25,36.26,72,4555
Cal-2018,36.45,36.75,36.25,36.7,36.65,73,4674
Cal-2018,37.0,37.0,36.45,36.45,36.58,68,4746
Cal-2018,36.5,36.85,36.5,36.85,36.66,48,4780
Cal-2018,37.05,37.25,36.95,37.2,37.11,47,4859
Cal-2018,37.2,37.2,37.0,37.1,37.16,105,4901
Cal-2018,36.85,36.85,36.55,36.55,36.65,83,4971
Cal-2018,36.9,37.28,36.9,37.17,37.2,55,5058
Cal-2018,37.5,37.5,36.9,37.05,37.09,106,5046
Cal-2018,37.2,37.2,36.85,37.1,37.05,116,5118
Cal-2018,37.4,37.4,36.85,36.85,36.85,98,5226
Cal-2018,36.75,36.92,36.6,36.92,36.93,38,5315
Cal-2018,37.0,37.0,36.8,36.9,36.99,25,5342
Cal-2018,36.65,36.65,36.55,36.3,36.55,41,5387
Cal-2018,36.1,36.29,35.91,36.15,36.15,118,5485
Cal-2018,36.2,36.28,36.05,36.05,36.15,76,5569
Cal-2018,35.7,35.85,35.7,35.7,35.8,66,5669
Cal-2018,35.85,36.05,35.65,36.05,35.97,94,5780
Cal-2018,36.2,36.2,36.05,36.1,36.08,44,5902
Cal-2018,35.9,36.0,35.7,35.7,35.94,46,5951
Cal-2018,35.8,36.3,35.8,36.3,36.16,62,5997
Cal-2018,36.45,36.75,36.35,36.7,36.74,66,6111
Cal-2018,36.9,36.9,36.7,36.8,36.88,41,6205
Cal-2018,36.55,36.66,36.4,36.4,36.56,48,6355
Cal-2018,36.3,36.75,36.3,36.75,36.67,17,6344
Cal-2018,36.83,36.83,36.53,36.55,36.65,51,6394
Cal-2018,36.6,36.95,36.55,36.7,36.81,37,6458
Cal-2018,37.1,37.4,37.1,37.2,37.2,60,6533
Cal-2018,37.0,37.17,36.9,37.0,37.01,85,6634
Cal-2018,36.7,36.85,36.6,36.8,36.7,70,6588
Cal-2018,36.55,36.9,36.5,36.9,36.79,23,6668
Cal-2018,36.85,37.1,36.85,37.05,37.11,23,6709
Cal-2018,37.05,37.5,36.95,37.5,37.21,92,6774
Cal-2018,37.72,38.4,37.72,37.85,38.02,160,6879
Cal-2018,37.8,38.1,37.65,37.65,37.9,106,7115
Cal-2018,37.55,37.8,37.5,37.8,37.62,124,7187
Cal-2018,37.8,38.25,37.8,38.2,38.19,111,7281
Cal-2018,37.9,38.15,37.9,38.1,38.13,86,7389
Cal-2018,37.75,37.99,37.65,37.7,37.78,145,7489
Cal-2018,37.9,38.05,37.9,37.95,38.04,10,8309
Cal-2018,37.7,37.95,37.7,37.95,37.9,67,8456
Cal-2018,37.75,37.85,37.75,37.85,37.85,41,8633
Cal-2018,37.55,37.65,37.55,37.65,37.67,8,8727
Cal-2019,36.8,36.9,36.75,36.9,36.9,16,6477
Cal-2019,36.91,37.05,36.91,36.98,36.95,29,6504
Cal-2019,36.61,37.05,36.55,36.7,36.84,65,6535
Cal-2019,36.52,36.85,36.5,36.64,36.77,94,6737
Cal-2019,36.7,36.73,36.35,36.4,36.42,94,6863
Cal-2019,36.2,36.5,36.2,36.35,36.35,55,7026
Cal-2019,36.6,36.75,35.9,35.9,36.15,279,7147
Cal-2019,36.05,36.45,36.05,36.2,36.26,132,7471
Cal-2019,36.0,36.1,35.75,35.8,35.9,178,7642
Cal-2019,35.7,35.9,35.5,35.5,35.55,133,7984
Cal-2019,35.75,35.84,35.3,35.3,35.35,170,8142
Cal-2019,35.05,35.12,34.85,35.03,35.09,161,8318
Cal-2019,35.1,35.2,35.02,35.1,35.11,173,8738
Cal-2019,35.05,35.05,34.85,34.85,34.9,243,8776
Cal-2019,34.7,35.1,34.63,35.05,35.02,245,9021
Cal-2019,35.25,35.5,35.2,35.25,35.3,278,9305
Cal-2019,35.4,35.6,35.25,35.55,35.42,141,9563
Cal-2019,35.7,35.75,35.35,35.45,35.38,154,9632
Cal-2019,35.4,35.65,35.25,35.35,35.29,214,9808
Cal-2019,35.3,35.55,35.25,35.31,35.37,190,10067
Cal-2019,35.6,35.65,35.41,35.44,35.46,80,10292
Cal-2019,35.7,35.8,35.15,35.15,35.35,217,10402
Cal-2019,35.0,35.1,34.25,34.4,34.61,503,10693
Cal-2019,34.6,34.6,34.0,34.45,34.21,362,11381
Cal-2019,34.45,34.82,33.95,34.0,34.15,346,11830
Cal-2019,33.9,34.0,33.8,34.0,33.9,163,12109
Cal-2019,33.9,33.9,33.45,33.86,33.64,331,12681
Cal-2019,33.5,33.7,33.3,33.3,33.45,296,12951
Cal-2019,33.45,33.7,33.25,33.6,33.7,297,13385
Cal-2019,33.5,33.5,32.95,33.15,33.06,332,13655
Cal-2019,32.8,33.05,32.65,32.65,32.8,328,14117
Cal-2019,32.4,33.2,32.35,33.2,32.75,304,14663
Cal-2019,33.4,33.9,33.35,33.9,33.78,360,15044
Cal-2019,33.8,34.25,33.7,33.9,34.05,259,15642
Cal-2019,33.95,34.05,33.6,33.6,33.8,173,15959
Cal-2019,33.8,34.15,33.65,34.1,33.78,131,16146
Cal-2019,34.5,34.85,34.4,34.85,34.58,148,16358
Cal-2019,34.95,35.0,34.54,34.6,34.84,214,16647
Cal-2019,34.5,34.55,34.2,34.25,34.37,263,16942
Cal-2019,34.11,34.55,33.95,34.5,34.4,240,17196
Cal-2019,34.7,34.8,34.6,34.61,34.69,124,17487
Cal-2019,34.25,34.25,33.75,33.8,33.81,197,17650
Cal-2019,33.6,34.1,33.35,34.1,33.84,194,17795
Cal-2019,34.3,34.3,33.7,33.7,33.85,187,18320
Cal-2019,33.7,33.7,33.5,33.5,33.51,162,18905
Cal-2019,33.3,33.55,33.2,33.55,33.45,212,19013
Cal-2019,33.15,33.9,33.1,33.9,33.65,244,19259
Cal-2019,33.85,34.2,33.75,34.0,34.06,196,19603
Cal-2019,33.8,34.3,33.75,34.3,34.14,137,19749
Cal-2019,34.45,34.5,34.25,34.5,34.43,189,19749
Cal-2019,34.65,34.82,34.25,34.82,34.7,222,19936
Cal-2019,35.2,35.55,34.8,34.8,35.14,416,20243
Cal-2019,34.7,35.15,34.5,35.09,34.92,283,20669
Cal-2019,34.51,34.68,34.25,34.4,34.39,255,20909
Cal-2019,34.3,34.7,34.1,34.5,34.61,169,21165
Cal-2019,34.4,34.45,34.2,34.35,34.4,134,21501
Cal-2019,34.25,34.25,33.85,34.0,33.88,171,21647
Cal-2019,33.8,34.75,33.75,34.75,34.57,323,21868
Cal-2019,34.75,35.45,34.7,35.45,35.41,379,22404
Cal-2019,35.25,35.7,35.0,35.16,35.3,268,22866
Cal-2019,34.9,35.5,34.76,35.35,35.4,196,23133
Cal-2019,35.1,35.55,34.93,35.25,35.28,165,23300
Cal-2019,35.25,36.1,35.2,36.1,35.7,243,23567
Cal-2019,36.0,36.45,35.7,35.8,35.9,356,23900
Cal-2019,35.75,36.35,35.75,36.2,36.08,204,24456
Cal-2019,35.8,36.35,35.5,36.33,36.28,267,24686
Cal-2019,36.5,36.65,35.95,36.15,36.01,307,24947
Cal-2019,36.05,36.35,35.85,36.15,36.24,226,25435
Cal-2019,35.9,36.5,35.8,36.35,36.37,226,25874
Cal-2019,36.3,37.19,36.3,37.15,37.1,274,26028
Cal-2019,37.24,37.35,36.95,37.25,37.3,184,26438
Cal-2019,37.3,37.7,37.15,37.7,37.65,253,26710
Cal-2019,37.7,37.9,37.35,37.9,37.79,221,27018
Cal-2019,38.0,38.4,37.9,38.25,38.32,230,27473
Cal-2019,38.15,38.75,38.0,38.4,38.56,251,27888
Cal-2019,38.15,38.5,37.5,37.5,37.67,436,28236
Cal-2019,37.5,38.05,37.5,38.05,37.77,268,28678
Cal-2019,38.2,38.65,37.85,38.0,38.45,455,29212
Cal-2019,37.95,38.1,37.61,37.62,37.68,255,29430
Cal-2019,37.9,38.14,37.7,37.8,37.81,125,29683
Cal-2019,37.85,38.0,37.61,37.85,37.83,227,29828
Cal-2019,37.75,38.05,37.6,38.03,37.85,118,30052
Cal-2019,38.15,38.64,38.15,38.45,38.5,265,30169
Cal-2019,38.4,38.75,38.3,38.75,38.56,170,30617
Cal-2019,38.9,39.25,38.75,39.25,39.08,176,30758
Cal-2019,39.05,39.05,38.35,38.4,38.51,266,30975
Cal-2019,38.35,38.45,38.15,38.45,38.4,207,31618
Cal-2019,38.6,38.75,38.4,38.75,38.65,131,30696
Cal-2019,39.0,39.45,39.0,39.45,39.29,150,30506
Cal-2019,39.3,39.45,38.95,39.2,39.34,217,30790
Cal-2019,39.55,40.0,39.45,39.7,39.78,340,31276
Cal-2019,40.0,40.25,39.85,40.25,40.06,156,31937
Cal-2019,40.4,40.65,40.3,40.65,40.5,129,32145
Cal-2019,40.4,41.35,40.15,41.35,40.95,243,32417
Cal-2019,41.5,41.75,40.9,40.9,41.19,396,32751
Cal-2019,40.8,41.7,40.52,41.7,41.2,357,33322
Cal-2019,41.9,42.4,41.81,42.4,41.92,363,33643
Cal-2019,42.18,42.18,41.45,41.7,41.72,235,34111
Cal-2019,41.5,42.1,41.5,42.1,41.95,63,34373
Cal-2019,42.3,43.05,42.2,42.9,42.95,344,34420
Cal-2019,42.45,42.9,42.25,42.72,42.85,231,34889
Cal-2019,43.15,43.3,42.35,42.75,42.57,273,35122
Cal-2019,42.4,42.4,41.4,41.4,41.76,329,35554
Cal-2019,41.15,42.26,41.15,42.2,42.1,209,35772
Cal-2019,42.5,42.85,41.9,42.3,42.08,318,35942
Cal-2019,42.45,42.45,41.79,42.1,41.88,366,36287
Cal-2019,41.9,41.9,40.4,40.4,41.42,293,36684
Cal-2019,40.5,40.8,39.75,40.35,39.94,296,37035
Cal-2019,40.15,41.55,40.15,41.55,41.5,316,37357
Cal-2019,41.75,42.35,40.76,40.9,41.35,432,37645
Cal-2019,40.8,41.5,40.7,40.85,40.84,256,38190
Cal-2019,41.05,41.59,40.9,41.35,41.11,220,38445
Cal-2019,41.7,41.85,41.4,41.5,41.52,132,38725
Cal-2019,41.5,41.5,40.8,41.05,40.89,146,38891
Cal-2019,41.4,42.0,41.25,41.95,41.74,209,39114
Cal-2019,41.95,42.35,41.95,42.1,42.05,285,39404
Cal-2019,42.02,42.5,41.75,41.75,42.29,204,39736
Cal-2019,41.8,42.0,41.5,41.5,41.65,158,40042
Cal-2019,41.2,42.1,41.2,41.85,41.96,163,40288
Cal-2019,41.85,41.9,41.45,41.45,41.87,176,40486
Cal-2019,41.65,41.7,40.95,41.2,40.98,340,40659
Cal-2019,40.95,41.18,40.6,40.8,40.69,298,41078
Cal-2019,41.0,41.25,40.8,41.15,41.16,138,41497
Cal-2019,40.9,41.4,40.9,41.35,41.4,124,41682
Cal-2019,41.1,41.65,41.0,41.65,41.46,201,41859
Cal-2019,41.8,42.65,41.8,42.65,42.45,222,42174
Cal-2019,42.5,43.1,42.45,42.8,42.89,240,42362
Cal-2019,42.8,43.3,42.7,43.3,43.14,166,42552
Cal-2019,43.15,43.8,43.15,43.5,43.65,253,42758
Cal-2019,43.7,44.14,43.65,43.75,44.03,234,43015
Cal-2019,43.9,44.1,43.75,44.1,43.89,181,43301
Cal-2019,44.05,44.4,43.65,44.2,44.3,257,43539
Cal-2019,43.9,44.14,43.9,44.1,44.1,138,43795
Cal-2019,44.2,44.9,44.2,44.9,44.75,205,43511
Cal-2019,44.95,45.4,44.95,45.15,45.37,277,43778
Cal-2019,45.0,45.55,44.8,45.3,45.46,262,44101
Cal-2019,44.95,45.25,43.96,44.1,44.41,392,44577
Cal-2019,44.25,44.25,43.5,44.03,43.83,312,45083
Cal-2019,44.2,44.65,43.55,43.55,44.03,353,45424
Cal-2019,43.55,43.6,43.24,43.5,43.43,236,45774
Cal-2019,43.5,44.59,43.5,44.59,44.19,211,45978
Cal-2019,44.95,45.24,44.6,44.8,45.14,306,46225
Cal-2019,44.8,45.0,44.15,44.35,44.24,139,46626
Cal-2019,44.5,45.15,44.3,45.05,45.03,179,46902
Cal-2019,45.0,45.4,44.9,45.1,45.21,182,47049
Cal-2019,45.1,45.4,45.01,45.05,45.18,131,47256
Cal-2019,44.75,44.95,44.3,44.65,44.41,251,47393
Cal-2019,44.5,44.5,44.05,44.05,44.15,283,47645
Cal-2019,44.1,44.15,43.75,44.05,44.14,199,47917
Cal-2019,43.9,43.95,43.55,43.95,43.79,197,48122
Cal-2019,44.05,44.25,43.85,44.1,44.09,182,48364
Cal-2019,43.9,43.9,43.75,43.9,43.85,160,48787
Cal-2019,44.1,44.5,44.1,44.3,44.35,125,49113
Cal-2019,44.25,45.0,44.25,45.0,44.86,206,49051
Cal-2019,45.0,45.2,44.75,44.75,44.93,150,49286
Cal-2019,45.0,45.2,44.61,44.61,44.7,140,49491
Cal-2019,44.7,44.9,44.4,44.9,44.93,116,49663
Cal-2019,44.9,45.4,44.7,45.4,45.14,92,49785
Cal-2019,45.45,46.15,45.45,46.1,46.0,187,49893
Cal-2019,46.25,46.45,46.2,46.4,46.4,158,50052
Cal-2019,46.4,46.45,46.1,46.25,46.41,118,50218
Cal-2019,46.15,46.7,45.9,46.4,46.61,193,50291
Cal-2019,46.45,47.0,46.45,46.9,47.0,128,50527
Cal-2019,47.1,47.3,46.75,47.26,47.18,85,50655
Cal-2019,47.2,47.85,47.2,47.55,47.77,189,50762
Cal-2019,47.8,48.2,47.8,47.9,48.09,182,51041
Cal-2019,48.15,49.15,48.1,48.8,48.81,202,51179
Cal-2019,49.0,49.25,48.7,49.25,49.02,209,51465
Cal-2019,49.5,50.5,49.5,50.0,50.22,366,51676
Cal-2019,50.15,50.4,49.65,49.65,50.0,276,51992
Cal-2019,49.8,50.55,49.4,50.25,50.05,248,52475
Cal-2019,50.72,51.45,50.6,50.6,51.22,355,53185
Cal-2019,50.5,51.25,50.4,50.4,50.7,345,53422
Cal-2019,50.4,50.4,49.6,50.0,49.8,374,53805
Cal-2019,50.2,51.15,50.2,51.0,50.89,306,54252
Cal-2019,50.8,51.6,50.4,51.6,51.46,364,54632
Cal-2019,51.8,52.85,51.8,52.66,52.7,362,55191
Cal-2019,52.85,54.7,52.7,54.1,54.22,380,55666
Cal-2019,54.0,57.55,54.0,57.3,56.47,585,56021
Cal-2019,57.15,57.55,56.05,56.65,56.65,519,56726
Cal-2019,56.7,56.7,54.55,54.8,55.86,593,57265
Cal-2019,54.2,55.0,50.75,50.85,52.4,500,57842
Cal-2019,50.4,53.0,47.6,51.65,50.38,733,58504
Cal-2019,51.5,53.65,51.5,53.5,53.1,240,59392
Cal-2019,52.95,54.0,52.1,52.6,52.75,421,59696
Cal-2019,52.55,54.15,51.7,54.15,53.04,371,60336
Cal-2019,55.3,56.05,54.8,54.85,55.53,412,60781
Cal-2019,55.2,55.73,54.15,55.0,54.88,376,61214
Cal-2019,56.0,56.6,55.75,56.0,55.81,180,61826
Cal-2019,56.15,56.2,54.3,54.55,54.75,375,62032
Cal-2019,54.55,54.55,52.85,52.85,53.41,371,62733
Cal-2019,52.1,53.95,52.05,53.8,53.7,330,63147
Cal-2019,54.0,54.0,53.0,53.75,53.71,133,63590
Cal-2019,54.75,54.75,53.45,54.25,54.15,151,63775
Cal-2019,55.4,55.61,54.25,54.25,54.9,202,64057
Cal-2019,54.15,55.29,54.0,55.2,54.65,148,64470
Cal-2019,55.6,55.65,54.8,55.1,55.1,239,64682
Cal-2019,55.3,56.25,55.05,56.2,55.56,211,65019
Cal-2019,56.3,56.7,55.43,55.65,56.04,333,65303
Cal-2019,55.8,55.9,53.95,53.95,54.9,382,65740
Cal-2019,53.9,54.25,52.0,52.0,52.89,486,66365
Cal-2019,50.75,52.0,50.45,52.0,51.58,526,67026
Cal-2019,52.35,53.4,52.3,53.4,53.1,274,67686
Cal-2019,54.05,54.05,51.9,51.9,52.36,216,68088
Cal-2019,51.5,52.8,50.9,52.4,52.33,426,68139
Cal-2019,52.45,52.7,51.9,52.35,52.08,294,68766
Cal-2019,52.25,52.7,51.45,52.65,52.24,252,69168
Cal-2019,53.15,54.1,52.85,53.8,53.9,210,69509
Cal-2019,53.5,53.55,52.55,52.6,52.72,136,69797
Cal-2019,52.0,52.65,51.65,52.57,52.13,480,69960
Cal-2019,52.45,52.9,52.3,52.65,52.75,182,70512
Cal-2019,52.2,52.55,51.5,52.55,52.09,257,70752
Cal-2019,52.45,52.45,51.0,51.0,51.26,190,71094
Cal-2019,50.7,51.05,50.1,50.1,50.45,417,71414
Cal-2019,50.6,50.6,48.9,49.4,48.95,387,71918
Cal-2019,49.9,50.35,48.95,49.35,49.1,326,72552
Cal-2019,48.85,48.85,47.0,47.5,47.9,321,73112
Cal-2019,48.2,49.2,47.5,49.2,48.8,376,73654
Cal-2019,48.5,49.1,47.75,48.8,49.0,321,74059
Cal-2019,48.55,49.2,48.0,48.85,49.06,312,74506
Cal-2019,49.4,50.55,49.4,50.55,50.39,363,75055
Cal-2019,50.9,52.1,50.7,50.8,51.42,370,75557
Cal-2019,51.4,51.49,50.35,51.0,50.86,297,76048
Cal-2019,50.97,53.75,50.97,53.6,53.31,381,76375
Cal-2019,53.5,53.65,52.05,53.0,53.43,393,76918
Cal-2019,52.5,52.65,51.94,52.0,52.5,231,77515
Cal-2019,51.8,52.65,50.93,52.5,52.41,374,77918
Cal-2019,53.2,53.3,51.85,51.85,52.07,258,78384
Cal-2019,50.75,50.75,50.01,50.45,50.39,372,78698
Cal-2019,50.9,51.25,50.3,51.0,50.95,336,79132
Cal-2019,50.8,51.75,50.8,51.75,51.65,271,79664
Cal-2019,51.3,52.7,51.0,52.5,52.25,224,80245
Cal-2019,51.95,53.05,51.72,51.95,52.11,358,80685
Cal-2019,51.9,51.9,50.7,52.61,50.88,316,81204
Cal-2019,51.8,52.5,51.45,52.1,52.19,266,81586
Cal-2019,51.75,52.0,51.41,51.5,51.58,187,81889
Cal-2019,51.7,52.1,51.4,52.0,52.04,162,82314
Cal-2019,52.5,52.64,52.1,52.13,52.16,261,82582
Cal-2019,53.1,53.35,52.37,52.4,52.65,353,82869
Cal-2019,52.15,52.2,51.5,52.2,51.95,269,83428
Cal-2019,51.5,51.7,50.9,51.2,51.37,320,83835
Cal-2019,50.55,51.45,50.0,51.45,51.19,396,84489
Cal-2019,51.6,51.75,50.85,51.6,51.75,273,85158
Cal-2019,51.15,52.3,51.15,52.1,52.2,207,85510
Cal-2019,52.4,52.85,52.16,52.2,52.45,218,85765
Cal-2019,52.2,53.5,52.11,53.4,53.0,375,86232
Cal-2019,53.8,54.45,53.8,54.3,54.35,610,86734
Cal-2019,54.75,55.65,54.75,55.5,55.55,189,88842
Cal-2019,56.05,56.55,55.9,56.3,56.35,241,89176
Cal-2019,55.65,55.75,54.9,55.15,55.41,175,89460
Cal-2019,56.0,56.25,55.55,55.55,55.95,155,90105
Cal-2019,55.45,55.45,54.65,55.25,55.1,132,90342
Cal-2019,54.2,55.4,54.2,55.4,55.42,26,90550
Cal-2019,,,,,54.44,0,90734
Cal-2020,50.85,51.15,50.85,50.85,51.02,52,21759
Cal-2020,51.0,51.8,50.35,50.75,50.74,231,21818
Cal-2020,50.3,50.45,47.95,47.95,48.8,333,22043
Cal-2020,47.75,49.3,47.75,49.1,49.13,539,22442
Cal-2020,48.5,48.5,47.3,47.3,47.5,358,22989
Cal-2020,47.95,48.35,47.71,48.05,48.2,306,23399
Cal-2020,48.4,48.6,47.5,47.65,47.6,307,23638
Cal-2020,47.4,47.8,47.0,47.65,47.62,345,24029
Cal-2020,48.0,48.5,48.0,48.25,48.35,233,24345
Cal-2020,48.3,48.3,47.05,47.8,47.67,318,24592
Cal-2020,48.1,48.25,47.65,47.85,47.73,221,24966
Cal-2020,47.8,49.5,47.65,49.5,48.56,380,25233
Cal-2020,50.1,50.85,50.1,50.3,50.69,347,25927
Cal-2020,50.7,51.55,50.05,51.1,51.14,332,26520
Cal-2020,50.6,50.8,49.95,50.55,50.02,335,27043
Cal-2020,50.85,51.6,50.75,51.45,51.3,261,27378
Cal-2020,51.9,52.0,51.2,51.25,51.4,430,27796
Cal-2020,51.05,51.25,50.25,50.25,50.75,311,28277
Cal-2020,50.1,50.2,49.4,50.2,50.05,415,28788
Cal-2020,50.9,51.0,49.15,49.15,49.39,442,29227
Cal-2020,48.95,49.85,48.25,49.85,49.38,411,29814
Cal-2020,49.9,50.2,49.15,49.35,49.18,403,30741
Cal-2020,49.3,49.3,48.25,48.45,48.4,374,31225
Cal-2020,48.1,48.75,47.75,48.0,48.66,401,31819
Cal-2020,47.9,48.4,47.1,48.4,47.74,464,32538
Cal-2020,48.3,48.65,48.0,48.35,48.19,244,33375
Cal-2020,48.25,49.45,48.25,49.3,49.34,345,33708
Cal-2020,49.85,50.0,48.47,48.5,48.7,289,34239
Cal-2020,48.2,48.5,46.55,46.7,47.47,451,34687
Cal-2020,45.75,46.9,45.6,46.8,46.66,498,35444
Cal-2020,46.6,47.15,45.05,45.2,46.17,561,36227
Cal-2020,44.65,46.0,44.6,46.0,45.33,499,36881
Cal-2020,46.1,46.55,45.15,45.2,45.49,431,37817
Cal-2020,44.95,46.15,44.95,46.15,46.11,341,38464
Cal-2020,46.5,46.9,45.4,45.5,45.75,376,39026
Cal-2020,45.45,46.35,45.45,46.2,45.95,255,39577
Cal-2020,46.15,47.15,45.9,47.15,46.56,299,40016
Cal-2020,46.85,46.85,45.45,45.45,45.95,441,40574
Cal-2020,45.25,45.8,45.15,45.45,45.78,326,41175
Cal-2020,44.75,45.55,44.5,45.33,45.44,332,41507
Cal-2020,45.7,46.3,45.5,45.6,45.72,301,41981
Cal-2020,46.0,47.4,46.0,47.4,46.8,346,42469
Cal-2020,47.25,48.1,46.95,47.95,47.73,515,42955
Cal-2020,48.0,48.45,47.4,48.25,48.41,311,43820
Cal-2020,48.05,49.4,47.71,49.1,49.1,321,44381
Cal-2020,49.4,49.55,48.05,48.3,48.38,466,44920
Cal-2020,48.0,48.2,47.05,47.05,47.76,291,45663
Cal-2020,46.95,48.25,46.8,48.25,47.68,352,46110
Cal-2020,48.4,48.65,47.6,47.95,47.78,261,46596
Cal-2020,47.8,48.05,47.15,47.15,47.51,262,46937
Cal-2020,47.5,48.05,47.05,47.05,48.05,371,47296
Cal-2020,47.5,47.5,46.35,46.55,46.41,363,47849
Cal-2020,47.0,47.25,46.6,47.1,46.95,360,48385
Cal-2020,47.35,47.45,46.1,46.3,46.23,270,48885
Cal-2020,46.0,46.05,45.3,45.95,45.42,398,49234
Cal-2020,46.05,46.4,45.26,45.3,45.68,289,49761
Cal-2020,45.1,46.35,44.75,46.05,45.5,384,50254
Cal-2020,45.95,46.15,45.05,45.1,45.51,377,50821
Cal-2020,45.3,45.45,44.95,45.04,45.15,328,51374
Cal-2020,45.15,45.2,44.65,45.0,44.87,262,51851
Cal-2020,45.2,46.2,45.2,46.2,45.94,363,52200
Cal-2020,46.6,47.05,46.35,46.65,46.93,393,52717
Cal-2020,46.5,47.25,46.3,46.45,47.06,408,53296
Cal-2020,46.4,46.7,45.6,45.75,45.98,324,53840
Cal-2020,45.25,45.7,45.1,45.7,45.5,375,54249
Cal-2020,45.35,45.75,44.8,45.4,45.34,434,54691
Cal-2020,45.59,46.95,45.59,46.9,46.5,471,55368
Cal-2020,47.5,48.55,47.0,48.55,48.16,536,56168
Cal-2020,48.95,49.6,48.3,49.55,48.8,713,56980
Cal-2020,49.0,49.75,48.35,48.8,48.91,566,57809
Cal-2020,49.05,50.3,48.7,50.3,49.06,510,58554
Cal-2020,50.65,51.45,50.0,50.0,50.98,645,59321
Cal-2020,50.25,51.25,49.42,51.1,50.32,437,60394
Cal-2020,51.5,51.6,50.3,50.4,50.49,318,61081
Cal-2020,50.16,51.05,49.8,50.0,50.53,349,61552
Cal-2020,49.65,50.25,49.6,49.9,49.86,353,62021
Cal-2020,50.4,50.87,50.31,50.8,50.63,294,62563
Cal-2020,50.95,51.0,49.75,49.75,50.28,241,63035
Cal-2020,49.5,50.9,49.5,50.85,50.44,263,63309
Cal-2020,50.56,51.3,49.89,50.35,49.95,433,63610
Cal-2020,50.2,50.7,49.9,50.5,50.09,270,64231
Cal-2020,50.4,50.4,48.88,48.88,49.21,463,64646
Cal-2020,48.85,49.55,48.85,49.05,49.36,213,65173
Cal-2020,49.15,49.5,48.65,49.2,49.33,271,65413
Cal-2020,48.65,48.85,47.7,47.9,48.15,394,65752
Cal-2020,48.15,48.6,47.65,48.6,48.2,366,66430
Cal-2020,48.1,48.8,48.1,48.8,48.5,113,66843
Cal-2020,48.45,49.6,48.45,49.15,49.2,398,66988
Cal-2020,49.05,50.15,49.0,50.1,49.63,239,67439
Cal-2020,50.25,50.5,49.2,49.2,49.61,264,67774
Cal-2020,49.35,49.4,48.3,48.35,48.75,228,68119
Cal-2020,48.25,48.9,47.78,47.8,48.71,272,68447
Cal-2020,47.87,48.9,47.65,48.85,48.24,306,68793
Cal-2020,48.85,49.2,48.4,49.15,48.82,327,69225
Cal-2020,49.27,49.5,48.4,48.5,49.06,361,69691
Cal-2020,48.4,48.45,47.8,48.15,48.0,286,70228
Cal-2020,48.25,48.3,47.7,47.97,47.89,199,70577
Cal-2020,47.75,48.2,47.46,48.2,47.65,270,70890
Cal-2020,48.2,48.9,48.15,48.9,48.75,282,71329
Cal-2020,48.9,49.0,48.2,48.5,48.22,261,71709
Cal-2020,48.25,48.45,48.0,48.15,48.15,185,72075
Cal-2020,47.9,48.5,47.8,48.4,48.4,69,72368
Cal-2020,48.35,48.65,48.1,48.6,48.34,238,72476
Cal-2020,48.4,48.7,48.2,48.3,48.41,208,72844
Cal-2020,48.4,48.4,47.75,47.75,47.9,102,73116
Cal-2020,47.7,47.7,46.65,46.75,46.91,275,73245
Cal-2020,46.25,46.45,46.0,46.1,46.1,399,73780
Cal-2020,46.2,47.1,46.2,47.1,46.49,336,74268
Cal-2020,46.9,47.15,46.35,46.35,47.06,311,74700
Cal-2020,46.35,47.05,46.2,46.6,46.8,307,75055
Cal-2020,47.0,47.65,47.0,47.65,47.3,279,75382
Cal-2020,47.75,48.05,47.6,47.95,47.74,98,75723
Cal-2020,47.8,48.05,47.35,47.4,47.53,272,75834
Cal-2020,47.3,47.3,46.7,46.75,46.85,180,76204
Cal-2020,47.05,47.6,47.0,47.25,47.45,193,76468
Cal-2020,47.1,47.45,46.8,47.45,47.17,201,76834
Cal-2020,47.25,47.5,46.93,47.2,47.25,172,77044
Cal-2020,47.15,47.3,46.7,46.75,47.3,281,77265
Cal-2020,46.75,47.1,46.4,46.4,46.6,240,77598
Cal-2020,46.3,47.05,46.3,46.85,46.52,223,77847
Cal-2020,47.05,47.62,46.75,47.59,47.15,277,78092
Cal-2020,47.6,49.0,47.6,48.75,48.65,457,78355
Cal-2020,49.0,49.3,48.44,48.45,48.69,300,78943
Cal-2020,48.75,49.45,48.55,49.4,49.09,218,79380
Cal-2020,49.35,49.45,49.05,49.05,49.1,244,79697
Cal-2020,48.88,48.88,48.46,48.6,48.8,164,80008
Cal-2020,49.05,49.55,49.0,49.05,49.15,223,80286
Cal-2020,49.15,49.5,48.5,48.5,49.1,225,80571
Cal-2020,48.5,48.75,48.0,48.35,48.11,256,80983
Cal-2020,48.2,48.45,47.8,48.33,48.0,189,81384
Cal-2020,48.35,49.1,48.15,48.95,48.97,250,81651
Cal-2020,49.15,50.1,49.15,50.0,50.07,392,82014
Cal-2020,50.0,50.3,49.3,49.35,49.64,462,82433
Cal-2020,49.35,51.1,49.35,51.05,50.4,540,83017
Cal-2020,51.5,51.65,51.2,51.55,51.49,424,83675
Cal-2020,51.7,52.46,51.26,52.4,51.88,359,84143
Cal-2020,52.8,53.35,52.2,52.35,52.75,436,84651
Cal-2020,52.25,52.7,51.45,51.45,51.69,407,85204
Cal-2020,51.35,51.8,51.0,51.8,51.35,228,85782
Cal-2020,51.65,51.65,50.95,51.0,51.12,394,86184
Cal-2020,51.05,52.85,51.05,52.6,52.25,311,86724
Cal-2020,53.0,53.1,52.1,52.45,52.31,236,87140
Cal-2020,52.0,53.24,52.0,53.2,53.12,380,87424
Cal-2020,53.35,53.45,52.0,52.0,52.43,311,87913
Cal-2020,52.1,52.8,52.05,52.05,52.24,411,88343
Cal-2020,52.0,52.0,51.3,51.55,51.37,185,88913
Cal-2020,51.05,52.25,51.05,51.05,51.5,202,89038
Cal-2020,50.75,51.15,50.45,50.65,50.64,307,89298
Cal-2020,50.65,51.25,50.62,50.85,50.9,358,89783
Cal-2020,50.95,52.69,50.8,52.69,51.9,288,90322
Cal-2020,52.4,52.5,51.5,51.85,52.1,349,90663
Cal-2020,51.5,51.5,50.6,50.6,50.75,273,91133
Cal-2020,50.6,50.75,50.08,50.3,50.26,344,91496
Cal-2020,50.0,50.7,49.7,49.95,49.89,407,92013
Cal-2020,50.18,50.65,49.75,50.55,50.11,360,92501
Cal-2020,50.65,50.65,49.7,49.85,50.0,251,92997
Cal-2020,49.65,49.95,48.74,48.8,48.96,407,93288
Cal-2020,48.75,49.24,48.55,49.15,49.1,424,93812
Cal-2020,49.0,49.31,48.55,48.8,48.61,432,94260
Cal-2020,48.9,49.0,48.15,48.15,48.3,312,94640
Cal-2020,48.2,48.4,48.0,48.0,48.14,189,95103
Cal-2020,47.95,48.6,47.9,48.45,48.44,320,95323
Cal-2020,48.7,48.94,48.1,48.1,48.44,318,95650
Cal-2020,48.1,48.47,47.9,47.9,48.01,280,96030
Cal-2020,47.75,48.25,47.45,47.5,47.99,450,96446
Cal-2020,47.35,47.4,46.85,46.95,46.95,351,96959
Cal-2020,46.85,47.54,46.85,47.54,47.34,160,97306
Cal-2020,47.25,47.25,46.55,46.85,46.58,405,97351
Cal-2020,47.35,47.6,46.7,46.95,47.15,399,95698
Cal-2020,46.91,48.15,46.75,48.15,47.28,375,95322
Cal-2020,48.25,48.54,47.36,47.6,48.29,393,95659
Cal-2020,47.35,47.4,46.5,46.9,46.7,372,96174
Cal-2020,46.6,47.0,46.35,46.95,46.73,383,96570
Cal-2020,47.1,47.65,46.88,46.9,47.42,398,96971
Cal-2020,47.15,47.9,46.75,47.85,47.14,466,97468
Cal-2020,48.0,48.25,47.05,47.65,47.49,372,98001
Cal-2020,47.9,48.2,47.51,47.8,47.6,315,98547
Cal-2020,47.6,50.75,47.6,50.5,49.55,839,98866
Cal-2020,50.65,51.31,49.2,49.75,50.46,946,100104
Cal-2020,50.2,50.65,49.5,49.9,49.67,438,101121
Cal-2020,50.15,50.56,49.56,49.65,50.14,469,101587
Cal-2020,51.0,51.85,50.5,51.7,51.38,527,102205
Cal-2020,51.9,51.9,50.07,50.3,50.63,606,102760
Cal-2020,49.91,49.91,49.0,49.15,49.32,395,103540
Cal-2020,49.5,50.14,49.2,49.8,49.8,287,104113
Cal-2020,50.3,50.75,50.0,50.4,50.35,329,104541
Cal-2020,50.2,50.4,49.35,49.4,49.41,208,92915
Cal-2020,49.2,49.55,48.85,48.85,49.13,356,105186
Cal-2020,48.6,48.6,48.1,48.23,48.14,312,105616
Cal-2020,48.4,48.75,48.15,48.6,48.29,244,106112
Cal-2020,48.55,48.55,47.75,48.0,47.76,274,106449
Cal-2020,48.15,48.15,47.45,47.5,47.91,269,106831
Cal-2020,47.1,48.25,46.91,48.05,47.66,449,107120
Cal-2020,48.0,48.0,46.85,47.0,47.1,387,107864
Cal-2020,46.7,47.13,45.9,46.35,46.29,360,108363
Cal-2020,46.3,46.8,46.1,46.25,46.47,310,108937
Cal-2020,46.0,46.6,45.65,46.6,46.35,384,109286
Cal-2020,46.75,46.9,46.2,46.2,46.3,311,109866
Cal-2020,46.25,46.76,46.0,46.75,46.51,435,110252
Cal-2020,46.8,47.45,46.6,47.3,46.64,390,110754
Cal-2020,48.0,48.25,47.65,48.25,47.95,391,111380
Cal-2020,47.75,48.15,47.63,47.95,47.8,203,112212
Cal-2020,48.35,48.7,47.85,48.65,48.1,534,113129
Cal-2020,48.55,48.85,48.1,48.7,48.72,375,113129
Cal-2020,48.2,48.6,47.9,48.3,48.08,292,113600
Cal-2020,48.25,48.4,48.0,48.4,48.24,149,114167
Cal-2020,48.5,49.05,48.0,48.1,48.51,292,114338
Cal-2020,48.25,48.25,47.35,47.5,47.45,308,114651
Cal-2020,47.05,47.25,46.7,46.7,46.99,272,115026
Cal-2020,46.45,47.45,46.4,47.4,47.05,261,115402
Cal-2020,47.1,47.15,46.56,46.75,46.66,190,115891
Cal-2020,46.25,46.6,46.25,46.6,46.37,209,116507
Cal-2020,46.85,46.91,46.55,46.55,46.64,189,116507
Cal-2020,46.8,47.25,46.41,46.9,46.6,272,116921
Cal-2020,47.15,47.15,46.2,46.35,46.26,214,117338
Cal-2020,46.7,46.85,46.3,46.5,46.45,137,117679
Cal-2020,46.4,46.65,45.85,46.6,46.3,234,117841
Cal-2020,46.76,47.1,46.65,46.85,46.84,164,118239
Cal-2020,46.6,46.65,46.1,46.1,46.52,214,118542
Cal-2020,46.25,46.42,45.95,46.1,46.11,247,118939
Cal-2020,46.0,46.12,45.76,45.85,45.88,227,119337
Cal-2020,46.25,46.35,45.6,45.7,45.94,164,119608
Cal-2020,45.95,45.95,45.05,45.25,45.15,234,120312
Cal-2020,45.05,45.45,45.0,45.45,45.26,222,120312
Cal-2020,45.4,45.55,45.0,45.55,45.05,221,120763
Cal-2020,45.2,45.45,45.05,45.45,45.24,111,121356
Cal-2020,45.0,45.0,44.7,44.7,44.83,144,121608
Cal-2020,44.82,44.94,44.65,44.8,44.81,237,121919
Cal-2020,44.8,45.3,44.52,45.25,44.96,194,122344
Cal-2020,45.35,45.49,45.2,45.4,45.35,187,122344
Cal-2020,45.69,46.3,45.69,46.25,46.19,239,122586
Cal-2020,46.7,46.8,45.95,46.1,46.17,174,123012
Cal-2020,45.7,45.85,45.35,45.5,45.41,304,123302
Cal-2020,45.4,46.35,45.4,46.3,46.11,313,123784
Cal-2020,46.1,46.4,45.75,45.85,45.93,195,124378
Cal-2020,46.0,46.0,45.3,45.65,45.49,195,124756
Cal-2020,45.4,45.4,44.6,44.7,44.77,251,125605
Cal-2020,44.8,44.85,44.15,44.2,44.26,263,126080
Cal-2020,43.85,44.6,43.85,44.45,44.4,245,126553
Cal-2020,44.2,44.2,43.88,44.0,44.08,249,126918
Cal-2020,44.1,44.1,43.7,43.7,43.93,243,126918
Cal-2020,43.5,43.6,43.15,43.4,43.45,252,127261
Cal-2020,43.15,43.25,42.87,43.0,43.0,198,127631
Cal-2020,43.2,43.4,42.6,42.6,42.95,201,127823
Cal-2020,42.5,43.6,42.5,43.55,42.98,436,128152
Cal-2020,44.0,44.0,42.25,42.3,42.94,295,121356
Cal-2020,42.05,42.49,41.98,42.35,42.41,195,121356
Cal-2020,42.6,43.25,42.5,43.15,42.98,154,121356
Cal-2020,43.1,43.55,43.0,43.55,43.1,156,121356
Cal-2020,43.5,43.72,42.95,43.6,43.33,307,121356
Cal-2020,42.75,42.9,42.4,42.8,42.77,200,131304
Cal-2020,42.3,42.3,41.7,41.7,41.93,104,131482
Cal-2020,,,,,41.33,0,131296
Cal-2021,45.35,45.35,44.6,44.65,44.66,92,30275
Cal-2021,44.65,44.65,43.8,43.85,43.85,168,30514
Cal-2021,44.25,45.35,44.14,45.3,44.85,164,25195
Cal-2021,45.6,45.75,44.35,44.45,44.55,221,31104
Cal-2021,43.8,44.75,43.8,44.75,44.51,198,31443
Cal-2021,44.7,44.95,44.4,44.4,44.58,265,31793
Cal-2021,44.4,45.25,44.3,45.05,45.15,238,32271
Cal-2021,45.3,45.53,44.7,44.75,44.9,233,32767
Cal-2021,44.8,45.35,44.6,44.8,45.14,196,33163
Cal-2021,44.5,44.5,43.95,44.0,44.08,338,33749
Cal-2021,43.85,44.4,43.85,44.25,44.1,319,34270
Cal-2021,44.35,44.55,43.6,43.85,43.8,299,34976
Cal-2021,43.55,43.9,43.0,43.0,43.66,395,35610
Cal-2021,42.84,43.2,42.65,42.65,42.87,222,35957
Cal-2021,42.5,43.05,42.5,42.9,42.83,297,36364
Cal-2021,43.0,43.44,42.7,42.75,43.09,197,36752
Cal-2021,42.85,42.85,41.75,42.15,41.89,470,37630
Cal-2021,42.25,42.3,41.7,41.9,41.86,210,37928
Cal-2021,41.7,42.17,41.45,42.17,41.87,214,38364
Cal-2021,42.0,42.7,41.85,42.7,42.11,247,38783
Cal-2021,42.4,42.4,41.65,41.65,41.86,315,39245
Cal-2021,41.3,41.45,40.8,41.1,41.2,335,39754
Cal-2021,41.01,41.2,40.65,40.9,40.95,273,40142
Cal-2021,40.7,40.85,40.1,40.2,40.19,310,40471
Cal-2021,40.2,40.87,40.1,40.87,40.49,262,40933
Cal-2021,40.75,41.55,40.4,41.5,41.36,391,41750
Cal-2021,41.65,41.75,40.55,41.1,40.68,331,42391
Cal-2021,40.9,41.32,40.7,40.8,40.95,302,42756
Cal-2021,40.5,40.5,40.21,40.3,40.25,235,43099
Cal-2021,40.55,41.05,40.55,40.8,40.98,325,43498
Cal-2021,40.65,42.05,40.65,41.95,41.9,565,44254
Cal-2021,41.65,42.45,41.45,42.25,42.28,525,45024
Cal-2021,42.45,42.85,42.15,42.75,42.49,367,45466
Cal-2021,42.75,43.9,42.3,43.85,43.13,509,46127
Cal-2021,43.9,43.9,42.81,43.1,43.09,434,46815
Cal-2021,43.3,43.6,42.45,42.95,42.87,487,47360
Cal-2021,43.2,43.2,42.5,42.7,42.7,231,47542
Cal-2021,42.3,42.38,42.0,42.15,42.18,292,47884
Cal-2021,41.65,41.65,40.95,41.05,41.23,294,48432
Cal-2021,41.3,41.45,40.75,40.75,40.99,230,48757
Cal-2021,40.35,41.0,40.1,40.8,40.75,366,49506
Cal-2021,40.4,40.55,39.91,40.05,40.32,580,50325
Cal-2021,39.7,40.1,39.5,40.0,39.79,346,50896
Cal-2021,40.2,40.7,39.8,40.05,39.92,410,51435
Cal-2021,40.2,41.0,39.8,40.4,40.68,573,52235
Cal-2021,40.2,41.05,40.05,40.75,40.84,390,52751
Cal-2021,40.75,41.25,40.45,40.75,40.58,453,53476
Cal-2021,40.4,40.45,39.9,39.95,40.19,351,54131
Cal-2021,38.15,39.2,38.11,39.2,39.0,545,54942
Cal-2021,39.5,40.5,39.25,40.34,39.74,461,55506
Cal-2021,40.15,40.4,39.55,40.3,39.99,312,55863
Cal-2021,39.6,39.65,38.95,39.01,39.17,362,56431
Cal-2021,39.1,39.45,38.6,38.8,38.98,285,56911
Cal-2021,37.65,37.96,37.15,37.5,37.46,348,57652
Cal-2021,37.65,38.0,36.1,36.3,36.27,597,58462
Cal-2021,36.05,36.05,33.9,33.9,34.28,716,59590
Cal-2021,34.49,34.85,34.1,34.7,34.35,487,60140
Cal-2021,35.05,35.25,34.2,34.3,34.65,538,60825
Cal-2021,33.6,34.0,33.2,33.95,33.65,596,61726
Cal-2021,34.5,35.14,34.2,34.9,34.9,499,62628
Cal-2021,35.1,35.8,34.7,35.75,35.0,642,63641
Cal-2021,35.45,35.7,34.85,35.45,35.62,371,64242
Cal-2021,35.05,35.1,34.42,34.6,34.55,426,64693
Cal-2021,34.4,34.9,34.1,34.85,34.72,328,65122
Cal-2021,35.2,35.7,35.16,35.4,35.65,296,65612
Cal-2021,34.95,35.05,34.75,35.05,34.95,169,65980
Cal-2021,35.5,36.12,35.3,36.05,35.35,414,66658
Cal-2021,35.8,36.12,35.8,35.85,35.84,239,67147
Cal-2021,36.35,38.35,36.2,38.25,37.95,519,67948
Cal-2021,38.6,39.45,38.35,38.45,39.33,715,68690
Cal-2021,38.2,38.85,37.8,38.8,38.52,580,69384
Cal-2021,38.9,39.3,38.3,38.7,38.65,540,70164
Cal-2021,38.7,38.7,37.1,37.2,37.59,170,70164
Cal-2021,37.01,37.1,36.5,36.75,36.69,367,71211
Cal-2021,36.7,38.76,36.7,38.6,38.49,661,72335
Cal-2021,39.25,39.65,38.75,39.5,39.6,480,73106
Cal-2021,39.2,39.65,38.5,38.7,38.78,335,73544
Cal-2021,38.25,38.6,37.1,37.1,37.48,377,74163
Cal-2021,36.65,38.5,36.6,37.7,38.39,704,75235
Cal-2021,37.81,38.1,37.4,37.85,37.76,232,75599
Cal-2021,37.45,37.95,37.16,37.25,37.45,335,76089
Cal-2021,37.35,37.65,36.45,36.65,36.6,254,76400
Cal-2021,36.25,37.2,36.0,36.7,37.09,477,77360
Cal-2021,36.8,37.3,36.52,36.6,36.85,350,78208
Cal-2021,37.0,37.1,36.2,36.4,36.29,215,78625
Cal-2021,36.23,36.23,35.4,36.05,35.73,386,79141
Cal-2021,36.4,36.6,35.9,36.0,36.04,239,79357
Cal-2021,36.2,36.3,35.75,36.0,35.86,337,79916
Cal-2021,35.9,36.73,35.75,36.68,36.34,224,80387
Cal-2021,36.84,37.1,36.6,36.75,37.0,133,80675
Cal-2021,37.0,37.0,36.4,36.4,36.67,124,81002
Cal-2021,36.2,36.3,35.55,35.55,35.86,271,81504
Cal-2021,35.5,35.6,35.21,35.55,35.35,324,82054
Cal-2021,35.35,36.0,35.35,35.95,35.57,228,82394
Cal-2021,36.4,36.5,36.08,36.15,36.21,208,82799
Cal-2021,36.35,36.9,36.35,36.85,36.59,307,83401
Cal-2021,37.0,37.0,36.55,36.65,36.74,194,83664
Cal-2021,36.6,37.5,36.6,37.5,37.25,401,84170
Cal-2021,37.3,37.35,36.9,37.0,37.03,89,84283
Cal-2021,36.7,37.0,36.29,36.9,36.63,184,84537
Cal-2021,37.15,37.95,37.05,37.95,37.62,192,84778
Cal-2021,38.0,38.1,37.6,37.6,38.05,330,85406
Cal-2021,37.4,37.6,37.3,37.35,37.39,223,85695
Cal-2021,37.3,37.3,36.7,36.85,36.83,191,86166
Cal-2021,36.7,37.23,36.7,36.95,36.85,228,86531
Cal-2021,36.8,36.85,36.15,36.4,36.33,157,86675
Cal-2021,36.6,37.85,36.6,37.85,37.43,316,87369
Cal-2021,38.1,38.1,37.6,37.85,38.01,280,87796
Cal-2021,37.6,38.15,37.45,38.0,37.89,298,88216
Cal-2021,38.14,39.15,37.91,39.07,39.15,456,88997
Cal-2021,39.05,39.45,38.58,38.7,39.23,480,89556
Cal-2021,38.5,38.65,38.25,38.6,38.42,322,89968
Cal-2021,38.25,38.75,38.1,38.75,38.43,357,90447
Cal-2021,38.35,38.45,37.95,38.1,38.08,326,90855
Cal-2021,37.75,38.25,37.6,37.95,38.2,291,91287
Cal-2021,37.65,37.9,37.45,37.8,37.52,388,91758
Cal-2021,38.21,38.9,38.2,38.4,38.84,586,92672
Cal-2021,38.35,38.75,38.2,38.55,38.34,180,92867
Cal-2021,38.55,39.6,38.55,39.55,39.24,507,93648
Cal-2021,39.5,40.05,39.45,39.8,39.72,280,94050
Cal-2021,39.4,40.13,39.3,40.1,39.75,352,94428
Cal-2021,40.15,40.85,40.15,40.75,40.7,432,95114
Cal-2021,40.45,41.05,40.26,40.65,40.86,341,95555
Cal-2021,40.4,40.55,40.05,40.2,40.07,317,96154
Cal-2021,40.2,40.45,39.9,40.15,40.11,200,96410
Cal-2021,39.75,41.3,39.72,41.3,40.37,258,96760
Cal-2021,41.5,41.7,41.1,41.3,41.64,298,97201
Cal-2021,41.15,41.95,41.15,41.7,41.6,256,97706
Cal-2021,40.9,41.75,40.9,41.6,41.49,246,98036
Cal-2021,41.0,41.75,40.5,41.75,41.47,260,98585
Cal-2021,42.0,43.4,42.0,43.35,43.12,418,99236
Cal-2021,43.4,43.7,43.0,43.4,43.41,271,99705
Cal-2021,42.9,43.0,42.25,43.0,42.71,358,100343
Cal-2021,43.2,43.2,41.95,42.0,42.67,304,100940
Cal-2021,42.0,42.25,41.39,42.2,41.74,355,101552
Cal-2021,42.4,43.5,42.25,42.25,43.13,308,102072
Cal-2021,42.0,42.69,41.8,42.55,42.18,282,102552
Cal-2021,43.0,43.4,42.6,42.6,42.8,389,103127
Cal-2021,42.8,42.8,40.65,40.75,42.13,431,103805
Cal-2021,41.0,41.55,40.75,41.3,41.09,359,104172
Cal-2021,41.1,41.1,39.8,40.0,40.0,521,104772
Cal-2021,40.25,40.65,39.75,40.35,39.95,300,105129
Cal-2021,40.0,40.3,39.76,40.2,40.15,144,105402
Cal-2021,40.45,40.85,40.26,40.6,40.54,236,105697
Cal-2021,40.15,40.15,39.7,39.7,39.78,204,105964
Cal-2021,39.7,39.7,38.61,38.7,38.7,300,106363
Cal-2021,39.0,39.15,38.65,39.0,38.72,149,106572
Cal-2021,38.9,39.7,38.9,39.5,39.59,165,106858
Cal-2021,39.4,39.55,38.7,38.95,38.82,194,107183
Cal-2021,39.12,39.5,39.05,39.15,39.1,151,107418
Cal-2021,39.3,39.4,38.8,39.35,38.95,163,107679
Cal-2021,39.5,39.95,39.2,39.85,39.42,239,108061
Cal-2021,39.95,40.25,39.85,40.1,40.04,246,108455
Cal-2021,40.15,40.73,40.0,40.0,40.69,224,108764
Cal-2021,39.9,40.4,39.75,40.12,40.24,157,108869
Cal-2021,40.35,40.7,40.3,40.35,40.54,112,109110
Cal-2021,40.65,40.7,39.65,39.65,40.32,192,109465
Cal-2021,39.6,39.75,39.25,39.59,39.35,189,109614
Cal-2021,39.57,39.8,39.0,39.25,39.5,139,109888
Cal-2021,39.25,39.25,38.7,39.03,38.79,183,110290
Cal-2021,39.2,39.65,38.85,39.6,39.25,170,110624
Cal-2021,39.7,40.15,39.55,40.1,39.9,190,110947
Cal-2021,40.19,40.35,39.7,39.75,39.75,120,111112
Cal-2021,39.55,39.7,39.4,39.6,39.58,214,111480
Cal-2021,39.4,39.45,38.9,38.95,38.95,152,111705
Cal-2021,39.15,40.65,39.15,40.65,40.2,338,112360
Cal-2021,40.85,41.48,40.45,41.48,41.38,596,113106
Cal-2021,41.4,42.0,41.3,41.6,41.79,274,113518
Cal-2021,41.5,41.9,41.25,41.6,41.64,261,113964
Cal-2021,42.05,43.0,42.05,42.65,42.64,403,114459
Cal-2021,42.99,43.25,41.7,41.71,41.88,319,114696
Cal-2021,41.6,42.51,41.6,42.1,42.02,286,115339
Cal-2021,41.95,42.55,41.7,42.05,41.8,403,115763
Cal-2021,42.2,42.7,41.95,42.52,42.4,273,116088
Cal-2021,42.36,42.7,41.65,41.85,42.1,310,116494
Cal-2021,41.9,41.9,40.8,41.05,41.34,274,116924
Cal-2021,41.5,41.7,40.62,40.65,40.76,263,117425
Cal-2021,40.3,41.1,40.21,40.9,40.92,277,118000
Cal-2021,41.2,41.6,40.85,41.6,41.26,333,118608
Cal-2021,41.45,41.7,41.0,41.7,41.19,234,118946
Cal-2021,41.75,42.95,41.75,42.95,42.6,306,119430
Cal-2021,43.05,43.25,42.63,42.8,43.07,299,119961
Cal-2021,43.05,43.1,42.4,43.05,42.5,416,120515
Cal-2021,42.6,42.7,42.1,42.15,42.4,295,120968
Cal-2021,42.15,42.25,41.8,42.05,41.82,162,121236
Cal-2021,41.55,41.9,40.5,40.75,40.97,346,121684
Cal-2021,40.5,41.5,40.3,41.5,40.81,434,122349
Cal-2021,41.5,41.6,41.0,41.05,41.21,235,122634
Cal-2021,40.75,41.1,40.45,41.0,40.8,209,123040
Cal-2021,40.85,40.9,40.35,40.45,40.59,328,123496
Cal-2021,40.7,41.85,40.55,41.7,40.96,359,123866
Cal-2021,41.6,42.02,41.4,41.45,41.82,280,124293
Cal-2021,41.3,41.6,41.05,41.55,41.36,247,124587
Cal-2021,41.75,41.75,40.65,40.75,40.81,284,124934
Cal-2021,40.47,40.77,39.99,40.65,40.31,460,125570
Cal-2021,41.1,41.4,40.85,41.2,41.09,314,125957
Cal-2021,41.05,41.3,40.75,41.05,40.95,191,126326
Cal-2021,41.0,41.65,41.0,41.4,41.41,360,126817
Cal-2021,41.3,41.8,41.15,41.45,41.59,300,127245
Cal-2021,41.6,41.6,40.5,40.7,41.0,350,127703
Cal-2021,40.5,40.5,39.95,40.3,40.04,338,128256
Cal-2021,40.2,40.2,39.76,39.76,39.97,332,128765
Cal-2021,39.8,40.5,39.7,40.49,40.23,359,129277
Cal-2021,40.2,40.2,39.38,39.75,39.67,372,129887
Cal-2021,39.6,40.2,39.6,39.7,39.75,317,130342
Cal-2021,39.7,40.0,39.35,40.0,39.63,371,130825
Cal-2021,39.75,39.75,39.3,39.35,39.41,342,131438
Cal-2021,39.35,39.35,38.55,38.6,38.77,560,132172
Cal-2021,38.5,39.19,38.06,39.18,38.74,743,133116
Cal-2021,39.0,40.05,39.0,39.9,39.85,323,133497
Cal-2021,39.2,39.5,38.69,38.7,39.39,388,133905
Cal-2021,38.6,39.05,38.31,38.75,38.36,371,134480
Cal-2021,38.3,38.3,37.5,37.55,37.76,647,135196
Cal-2021,37.7,38.1,37.2,37.55,37.5,550,135921
Cal-2021,37.05,37.6,36.95,37.25,37.4,289,136473
Cal-2021,36.85,37.26,36.6,37.25,37.06,326,136733
Cal-2021,37.55,38.05,37.5,37.85,37.69,420,137687
Cal-2021,37.69,38.65,37.45,38.4,37.79,245,137545
Cal-2021,38.25,39.3,38.25,39.1,38.98,441,138156
Cal-2021,38.8,39.1,38.47,38.6,38.88,292,138568
Cal-2021,39.0,39.75,38.35,39.25,39.57,545,139312
Cal-2021,39.3,39.35,38.9,39.25,39.2,374,139815
Cal-2021,39.0,40.05,38.85,39.05,39.79,416,140363
Cal-2021,39.0,39.2,38.75,39.0,38.95,299,141056
Cal-2021,38.8,39.5,38.7,39.24,39.3,152,141146
Cal-2021,39.95,40.35,39.63,40.34,40.04,478,141146
Cal-2021,40.05,40.05,39.3,39.35,39.71,199,141957
Cal-2021,40.3,40.5,39.46,39.46,39.65,234,142442
Cal-2021,39.35,39.4,38.5,38.5,38.84,269,142831
Cal-2021,38.25,38.55,38.2,38.4,38.3,243,143452
Cal-2021,39.2,39.6,39.0,39.55,39.31,214,143576
Cal-2021,39.25,40.03,39.1,40.0,39.71,254,143576
Cal-2021,40.32,40.95,40.25,40.5,40.8,764,145006
Cal-2021,40.7,41.2,40.65,40.9,40.95,416,145006
Cal-2021,41.25,41.66,41.2,41.55,41.33,274,145869
Cal-2021,41.2,42.9,41.2,42.6,42.69,461,145869
Cal-2021,42.97,43.38,42.15,42.2,42.96,425,146452
Cal-2021,42.2,42.9,41.65,42.75,42.68,305,147599
Cal-2021,42.4,42.7,41.8,41.8,42.33,347,148128
Cal-2021,41.85,43.4,41.85,43.15,43.25,301,148496
Cal-2021,42.51,43.25,42.35,42.8,43.16,289,148798
Cal-2021,42.65,43.3,42.6,42.99,43.01,187,149137
Cal-2021,43.0,43.75,43.0,43.4,43.66,353,149521
Cal-2021,43.35,44.8,43.35,44.8,44.42,277,149521
Cal-2021,44.65,45.0,44.1,44.65,44.57,204,151238
Cal-2021,44.25,46.3,44.25,45.8,46.13,370,151238
Cal-2021,46.34,47.0,46.34,46.75,46.59,424,151758
Cal-2021,47.0,47.0,45.5,45.65,45.83,349,152702
Cal-2021,45.55,45.8,44.8,45.25,45.02,173,152702
Cal-2021,45.03,45.03,44.2,44.7,44.47,204,153248
Cal-2021,44.9,45.75,44.7,45.75,45.2,194,153612
Cal-2021,46.0,46.95,46.0,46.75,46.94,161,153889
Cal-2021,47.6,47.95,47.1,47.4,47.29,150,154275
Cal-2021,49.07,50.1,49.07,49.25,49.32,53,154404
Cal-2021,49.5,49.5,48.0,48.4,48.15,51,154404
Cal-2022,50.35,50.47,49.4,49.65,49.8,92,29264
Cal-2022,51.15,51.45,50.65,50.75,50.92,181,29335
Cal-2022,50.35,50.5,49.45,49.5,49.65,190,29682
Cal-2022,50.3,50.4,49.55,50.0,49.6,153,30000
Cal-2022,50.65,50.9,50.35,50.9,50.6,242,30374
Cal-2022,51.4,51.4,50.7,51.3,50.93,258,31159
Cal-2022,51.3,51.3,50.4,50.9,50.4,238,31159
Cal-2022,50.5,52.05,50.45,51.6,51.56,291,32066
Cal-2022,50.45,51.2,49.75,50.5,50.33,354,32565
Cal-2022,49.98,50.75,49.65,50.25,50.3,308,32928
Cal-2022,49.7,50.1,48.4,48.55,48.73,363,33466
Cal-2022,47.95,48.95,47.9,48.35,48.47,179,33626
Cal-2022,48.75,50.05,48.75,50.05,49.38,285,34021
Cal-2022,50.45,50.6,49.65,49.95,49.96,228,34370
Cal-2022,49.6,51.05,49.6,50.93,50.5,255,34887
Cal-2022,50.84,51.05,50.55,50.9,50.78,110,35184
Cal-2022,51.4,51.48,49.55,49.55,50.15,248,35585
Cal-2022,49.3,49.75,49.0,49.6,49.09,207,35940
Cal-2022,49.09,49.75,48.7,49.75,48.81,255,36399
Cal-2022,50.1,50.45,49.6,50.45,49.87,156,36796
Cal-2022,50.0,50.25,49.45,49.45,49.69,123,37120
Cal-2022,49.95,49.95,48.85,48.85,49.03,185,37477
Cal-2022,49.4,50.5,49.2,50.5,50.2,335,38072
Cal-2022,50.3,51.9,50.15,51.85,51.52,658,39024
Cal-2022,52.2,52.45,51.7,52.05,52.21,313,39474
Cal-2022,52.38,53.45,52.25,53.0,53.17,274,39906
Cal-2022,54.2,54.25,53.65,54.0,53.75,227,40316
Cal-2022,53.65,53.75,53.15,53.65,53.45,211,40712
Cal-2022,53.6,54.25,53.1,53.5,53.77,296,41176
Cal-2022,53.4,54.0,52.45,52.45,53.1,352,41749
Cal-2022,51.0,53.25,51.0,53.25,52.58,401,42586
Cal-2022,53.0,53.3,52.3,52.35,52.72,237,42908
Cal-2022,52.55,53.2,52.13,52.25,52.72,261,43253
Cal-2022,52.5,52.97,51.8,52.0,52.2,265,43670
Cal-2022,52.2,52.7,52.15,52.7,52.3,175,44071
Cal-2022,52.55,52.9,51.65,51.7,52.25,248,44364
Cal-2022,51.5,51.95,51.15,51.95,51.5,279,44814
Cal-2022,52.2,52.55,51.6,52.5,51.7,220,45360
Cal-2022,52.45,53.15,52.25,53.15,52.62,210,45775
Cal-2022,53.45,53.45,52.65,52.65,52.99,185,46125
Cal-2022,52.4,52.75,51.95,52.1,52.31,183,46403
Cal-2022,52.3,53.0,52.3,52.4,52.45,176,46659
Cal-2022,52.15,52.8,52.15,52.68,52.44,161,47089
Cal-2022,52.6,52.7,51.95,52.15,51.95,173,47417
Cal-2022,51.95,52.6,51.6,52.5,52.21,237,47933
Cal-2022,52.6,53.45,52.35,53.45,53.21,276,48510
Cal-2022,53.5,53.8,53.15,53.7,53.44,220,48849
Cal-2022,53.85,54.85,53.56,54.85,54.34,325,49594
Cal-2022,54.8,55.6,54.7,55.5,55.56,248,50045
Cal-2022,55.75,56.0,54.95,55.6,55.53,229,50459
Cal-2022,55.4,56.25,55.0,56.25,56.08,360,50981
Cal-2022,55.75,56.91,55.65,55.7,55.98,272,51449
Cal-2022,55.5,55.65,55.0,55.15,55.1,168,51878
Cal-2022,55.25,56.6,55.25,56.6,55.45,214,52351
Cal-2022,57.1,57.25,55.83,55.83,56.18,313,53018
Cal-2022,55.1,55.9,55.1,55.75,55.41,181,53286
Cal-2022,55.6,56.95,55.6,56.9,56.52,141,53586
Cal-2022,56.88,57.0,55.85,56.25,56.11,158,53931
Cal-2022,56.35,56.45,55.7,56.44,55.93,130,54519
Cal-2022,56.4,56.65,55.2,55.6,55.23,317,55042
Cal-2022,55.85,56.35,55.7,56.3,56.21,255,55817
Cal-2022,55.65,56.35,55.35,56.0,56.13,169,56122
Cal-2022,55.9,56.6,55.9,56.55,56.5,122,56374
Cal-2022,56.55,57.0,56.55,56.75,56.78,102,56599
Cal-2022,56.6,57.25,56.6,56.85,57.08,151,56909
Cal-2022,57.2,58.3,57.2,58.25,58.15,208,57283
Cal-2022,58.25,58.25,57.6,57.8,57.9,145,57574
Cal-2022,57.6,57.95,56.95,57.05,57.17,153,57810
Cal-2022,57.3,57.4,56.75,57.05,56.85,186,58102
Cal-2022,57.3,57.72,57.12,57.6,57.43,162,58520
Cal-2022,57.3,57.8,56.9,56.9,57.5,157,58752
Cal-2022,57.25,57.25,56.35,56.8,56.42,361,59326
Cal-2022,57.0,57.6,56.95,57.55,57.34,236,59755
Cal-2022,57.8,58.15,57.57,57.57,57.79,178,60090
Cal-2022,57.92,58.15,57.25,57.25,57.96,226,60467
Cal-2022,57.4,57.92,57.1,57.75,57.63,284,60871
Cal-2022,57.7,58.5,57.55,58.49,58.05,278,61394
Cal-2022,58.4,59.4,58.4,58.92,59.11,285,61950
Cal-2022,58.55,58.6,57.9,58.25,58.25,271,62408
Cal-2022,58.7,58.85,58.05,58.2,58.26,170,62670
Cal-2022,58.2,58.9,57.54,58.9,58.83,323,63208
Cal-2022,58.6,59.3,58.6,59.0,58.72,291,63777
Cal-2022,58.65,59.65,58.45,59.45,59.56,251,64225
Cal-2022,59.6,60.45,59.6,60.4,60.12,353,64699
Cal-2022,60.74,61.3,60.6,61.2,60.91,235,65052
Cal-2022,61.25,61.35,60.05,60.15,60.41,320,65571
Cal-2022,60.42,61.15,60.15,61.0,60.78,265,65934
Cal-2022,61.1,62.6,61.05,62.15,62.27,366,66554
Cal-2022,62.5,63.15,61.75,63.1,62.4,232,66906
Cal-2022,63.65,64.75,63.65,64.4,64.63,377,67661
Cal-2022,63.9,66.16,63.85,66.16,65.67,459,68233
Cal-2022,66.35,68.25,66.35,67.55,67.44,610,69026
Cal-2022,67.3,67.35,65.85,67.0,66.75,305,69421
Cal-2022,67.0,68.9,67.0,68.5,68.64,507,70214
Cal-2022,68.1,68.6,67.55,67.65,68.43,300,70531
Cal-2022,68.25,68.25,64.9,65.0,66.21,469,71277
Cal-2022,64.15,64.6,60.5,60.55,60.67,613,72310
Cal-2022,60.9,64.4,60.9,64.15,63.82,475,73043
Cal-2022,64.5,65.3,63.0,63.3,64.34,360,73609
Cal-2022,63.35,64.25,62.95,64.0,64.2,108,73813
Cal-2022,64.35,65.65,64.35,65.5,64.97,246,74185
Cal-2022,66.3,66.8,65.15,65.2,66.21,299,74698
Cal-2022,65.25,65.4,63.05,63.45,64.24,255,75159
Cal-2022,63.4,64.25,62.5,63.25,63.96,284,75613
Cal-2022,63.2,63.6,63.1,63.4,63.52,47,75673
Cal-2022,64.75,65.2,63.8,64.05,64.84,207,76176
Cal-2022,64.1,64.36,63.0,63.55,63.55,205,76649
Cal-2022,64.3,64.5,62.5,62.5,62.58,214,77005
Cal-2022,62.5,63.2,61.4,62.4,62.97,245,77475
Cal-2022,62.2,64.22,62.0,64.19,63.68,132,77832
Cal-2022,64.15,65.35,64.15,64.82,65.12,286,78373
Cal-2022,65.35,66.3,65.05,65.6,66.01,312,78833
Cal-2022,65.8,66.8,65.65,65.7,66.75,230,79194
Cal-2022,66.25,66.8,65.5,65.95,65.66,190,79485
Cal-2022,66.45,67.4,66.15,66.31,66.74,324,79911
Cal-2022,66.2,66.2,64.9,64.95,65.3,221,80245
Cal-2022,65.25,66.06,64.59,64.8,65.84,313,80692
Cal-2022,64.25,65.4,64.1,65.4,64.9,237,81065
Cal-2022,65.49,66.3,65.49,66.3,66.02,197,81452
Cal-2022,66.3,67.2,66.15,66.5,67.01,226,81815
Cal-2022,66.95,68.05,66.95,68.05,67.63,273,82354
Cal-2022,68.35,69.5,68.35,69.2,69.18,384,82930
Cal-2022,69.5,70.2,69.45,69.85,69.69,257,83253
Cal-2022,70.3,70.45,69.65,69.95,69.7,152,83676
Cal-2022,70.1,70.1,68.93,69.8,69.89,245,84249
Cal-2022,69.45,71.51,69.45,71.0,71.18,229,84631
Cal-2022,71.2,72.8,71.2,72.8,72.2,257,84835
Cal-2022,73.01,74.8,73.0,73.5,73.89,426,85431
Cal-2022,73.5,74.5,72.68,73.85,73.8,284,85814
Cal-2022,74.0,75.6,74.0,75.25,74.94,156,86061
Cal-2022,75.3,75.32,70.25,70.5,72.62,445,86645
Cal-2022,71.5,72.8,70.4,70.5,71.3,443,87216
Cal-2022,70.75,71.55,69.15,71.55,70.55,355,87852
Cal-2022,71.5,73.22,71.5,73.0,72.5,276,88258
Cal-2022,72.87,73.2,70.65,70.75,71.4,191,88457
Cal-2022,70.7,71.95,70.65,71.55,71.51,198,88744
Cal-2022,71.0,72.35,70.45,70.45,71.44,237,89009
Cal-2022,69.8,71.15,69.8,70.77,70.88,140,89211
Cal-2022,70.35,71.65,69.9,71.35,71.3,174,89439
Cal-2022,71.5,72.35,70.25,71.0,71.38,213,89741
Cal-2022,70.0,70.75,69.5,69.9,69.64,363,90238
Cal-2022,69.75,71.0,69.29,71.0,70.82,136,90382
Cal-2022,70.4,71.0,69.8,69.8,69.82,206,90496
Cal-2022,70.0,70.7,69.7,70.7,70.41,176,90604
Cal-2022,70.4,72.61,70.4,72.55,72.3,105,90919
Cal-2022,72.95,73.25,72.6,72.6,72.84,179,91224
Cal-2022,73.35,74.85,73.34,74.6,74.08,215,91623
Cal-2022,74.9,76.05,74.7,75.85,75.24,208,91997
Cal-2022,75.9,76.0,74.5,75.0,74.98,156,92240
Cal-2022,76.1,77.2,76.1,76.55,76.84,258,92240
Cal-2022,76.25,77.0,75.6,76.15,76.1,243,93292
Cal-2022,76.4,77.45,76.05,77.3,76.58,280,93693
Cal-2022,77.22,78.4,76.36,78.4,77.05,246,94140
Cal-2022,79.0,79.8,78.65,79.25,79.03,242,94711
Cal-2022,78.18,79.75,78.05,79.5,79.14,325,94989
Cal-2022,79.75,80.9,79.7,80.8,80.49,263,95380
Cal-2022,80.5,83.2,80.15,83.2,81.93,312,95915
Cal-2022,83.0,84.2,82.2,82.2,83.41,268,96266
Cal-2022,82.0,82.5,81.3,81.9,82.07,401,96642
Cal-2022,82.7,84.86,82.7,84.7,84.47,260,97022
Cal-2022,83.8,85.25,83.8,84.0,84.76,245,97492
Cal-2022,84.0,85.25,81.7,82.85,84.13,307,97813
Cal-2022,82.25,82.6,77.0,78.05,79.43,543,98474
Cal-2022,79.0,80.1,78.75,79.5,79.27,427,98839
Cal-2022,80.6,82.05,80.4,81.55,81.0,295,99223
Cal-2022,81.45,83.45,81.4,83.4,83.05,223,99637
Cal-2022,83.9,84.2,82.5,82.7,82.57,314,99977
Cal-2022,82.15,83.45,81.85,83.25,83.26,211,100194
Cal-2022,83.8,85.65,83.8,85.65,84.24,195,100540
Cal-2022,86.8,87.3,86.1,87.0,86.51,116,100735
Cal-2022,86.6,87.95,86.15,87.55,86.88,231,101098
Cal-2022,88.35,89.3,87.1,87.25,88.1,372,101549
Cal-2022,88.0,89.95,86.75,89.1,89.66,430,102055
Cal-2022,89.9,90.5,89.3,89.4,89.92,271,102416
Cal-2022,90.35,91.45,90.25,90.9,90.93,286,102882
Cal-2022,90.9,92.35,89.85,92.0,91.96,301,103391
Cal-2022,92.5,94.2,91.75,93.95,93.8,353,103848
Cal-2022,94.3,96.8,93.6,96.0,96.7,339,104460
Cal-2022,95.5,97.3,95.2,96.43,96.23,429,105017
Cal-2022,97.98,100.1,97.98,99.11,99.42,479,105690
Cal-2022,98.7,102.5,98.45,101.2,99.77,555,106625
Cal-2022,101.9,108.0,100.35,100.35,104.77,641,107575
Cal-2022,99.75,102.5,96.25,97.7,96.98,434,108102
Cal-2022,98.85,100.95,96.75,100.95,100.08,335,108625
Cal-2022,100.5,106.0,100.5,104.5,105.3,381,109227
Cal-2022,106.25,107.25,103.81,104.0,104.09,302,109882
Cal-2022,102.75,104.2,101.5,103.05,103.59,313,110497
Cal-2022,103.13,105.0,101.35,105.0,104.08,349,111165
Cal-2022,104.0,108.9,103.0,108.9,107.55,308,111638
Cal-2022,109.0,116.0,109.0,115.5,113.91,408,112874
Cal-2022,120.0,122.0,115.0,115.0,116.65,475,113652
Cal-2022,118.0,123.25,117.1,123.25,117.81,363,114230
Cal-2022,124.0,133.0,124.0,130.0,129.28,605,115166
Cal-2022,130.4,135.0,128.8,133.1,133.02,472,115849
Cal-2022,134.9,146.2,134.7,140.99,144.46,686,116768
Cal-2022,144.15,161.25,144.15,159.8,160.18,575,117633
Cal-2022,167.5,179.0,132.0,140.5,137.9,636,118701
Cal-2022,138.0,138.0,113.0,129.25,122.9,663,120119
Cal-2022,129.0,135.0,117.1,117.5,118.95,345,120924
Cal-2022,119.0,125.1,115.0,118.6,121.26,308,121350
Cal-2022,118.69,121.85,118.0,121.45,121.37,212,121997
Cal-2022,123.25,126.26,122.15,125.25,122.93,192,122308
Cal-2022,129.5,135.75,128.75,135.25,132.47,307,122893
Cal-2022,136.0,137.55,127.0,128.0,132.36,240,123474
Cal-2022,125.15,136.12,122.0,122.0,127.2,242,124055
Cal-2022,121.0,127.5,119.0,122.0,123.44,277,124444
Cal-2022,125.0,127.0,124.5,126.0,125.57,187,122074
Cal-2022,127.0,127.0,118.5,119.3,120.25,228,122377
Cal-2022,121.5,124.25,121.0,121.25,122.54,164,122543
Cal-2022,124.9,125.2,122.75,122.95,123.48,104,122662
Cal-2022,124.0,124.75,122.95,124.0,123.5,107,122834
Cal-2022,121.75,122.3,118.0,118.6,121.34,169,123101
Cal-2022,114.85,117.05,112.0,112.0,114.13,243,123480
Cal-2022,117.0,117.0,106.0,107.0,109.03,277,123964
Cal-2022,112.0,114.31,102.0,105.5,104.18,153,124220
Cal-2022,105.3,111.25,103.7,111.0,108.4,311,124654
Cal-2022,111.0,118.38,110.8,118.38,116.5,314,125162
Cal-2022,117.25,118.75,113.8,113.8,115.19,186,125518
Cal-2022,115.5,118.6,113.75,114.0,114.5,165,125902
Cal-2022,116.5,118.5,115.25,118.1,118.4,125,126175
Cal-2022,115.51,117.0,110.0,110.0,114.21,155,126557
Cal-2022,105.0,111.7,105.0,111.25,109.87,296,127082
Cal-2022,112.25,114.63,109.2,114.63,113.39,200,127485
Cal-2022,118.0,118.0,114.4,115.0,115.48,100,127720
Cal-2022,115.7,120.75,115.7,120.6,118.8,208,128141
Cal-2022,119.5,130.7,119.5,130.2,128.65,267,128665
Cal-2022,133.5,137.0,128.0,128.0,136.47,347,129149
Cal-2022,126.6,134.2,124.75,132.9,131.5,219,129583
Cal-2022,134.75,136.0,126.25,128.25,127.68,180,129886
Cal-2022,129.0,130.0,125.8,127.5,129.0,161,130205
Cal-2022,125.5,132.83,125.0,131.79,132.81,162,130551
Cal-2022,132.25,138.5,132.0,138.24,137.14,265,131060
Cal-2022,137.55,140.75,136.75,138.0,138.61,260,131641
Cal-2022,136.0,136.0,132.81,133.7,134.45,294,132101
Cal-2022,138.0,142.0,137.5,138.8,138.0,175,132458
Cal-2022,141.0,142.65,138.0,138.2,141.18,297,132999
Cal-2022,139.0,144.5,139.0,143.5,142.96,296,133546
Cal-2022,140.0,148.0,140.0,146.7,146.16,327,134225
Cal-2022,147.0,150.9,146.5,148.45,150.05,270,134632
Cal-2022,145.25,154.25,145.0,154.1,152.35,383,135340
Cal-2022,157.5,168.35,157.5,168.35,166.43,331,135956
Cal-2022,170.0,192.0,170.0,192.0,190.45,530,136867
Cal-2022,186.75,193.0,171.0,179.6,184.66,481,139815
Cal-2022,185.0,188.5,178.25,187.0,186.85,303,140202
Cal-2022,200.0,208.25,200.0,205.9,208.19,317,140596
Cal-2022,205.0,210.5,202.55,207.5,206.38,374,141214
Cal-2022,208.0,208.0,195.0,204.75,205.52,435,142022
Cal-2022,220.0,247.0,216.75,241.75,245.07,505,142874
Cal-2022,223.0,245.0,223.0,237.5,242.35,236,143290
Cal-2022,245.0,256.25,241.0,256.25,252.85,119,143529
Cal-2022,268.0,315.99,268.0,315.99,315.0,87,143749
Cal-2022,310.0,335.0,290.0,314.0,324.6,165,144576
Cal-2022,296.0,306.0,269.0,270.0,271.33,111,144712
Cal-2022,222.22,236.0,215.0,221.0,220.75,30,144734
Cal-2022,219.0,228.0,219.0,228.0,225.73,34,144867
Cal-2022,224.0,224.0,217.0,217.0,219.88,32,144867
Cal-2023,124.5,124.5,119.5,121.0,120.11,34,39483
Cal-2023,114.0,125.5,114.0,125.0,121.63,163,39662
Cal-2023,126.5,140.0,125.0,135.0,139.88,162,39974
Cal-2023,139.0,141.0,134.0,141.0,134.7,215,40327
Cal-2023,139.0,140.0,130.75,136.25,133.0,238,40743
Cal-2023,140.0,141.0,124.5,124.5,126.98,259,41532
Cal-2023,126.0,126.75,121.0,124.01,123.25,229,41913
Cal-2023,121.25,124.6,117.5,121.5,121.39,252,42307
Cal-2023,122.5,124.0,114.25,115.0,116.39,252,42697
Cal-2023,113.0,117.25,109.5,115.75,113.59,387,43278
Cal-2023,119.0,123.84,114.5,114.9,117.48,305,43629
Cal-2023,113.0,118.21,108.75,115.0,114.17,348,44105
Cal-2023,116.16,118.0,115.25,118.0,116.38,274,44575
Cal-2023,117.0,118.5,113.0,116.98,116.58,233,44984
Cal-2023,115.0,121.4,114.0,121.2,118.31,284,45425
Cal-2023,122.0,126.0,118.75,124.0,122.63,296,45897
Cal-2023,126.0,130.75,124.75,128.0,127.78,303,46294
Cal-2023,126.25,134.0,125.2,132.0,132.92,247,46719
Cal-2023,130.5,136.0,128.75,134.65,134.65,279,47419
Cal-2023,135.0,142.1,135.0,140.0,141.46,448,48081
Cal-2023,145.0,146.75,142.5,145.0,145.0,228,48375
Cal-2023,141.0,144.75,140.4,142.5,142.5,277,48781
Cal-2023,139.76,139.76,130.75,132.25,131.0,434,49413
Cal-2023,134.35,138.5,134.0,135.69,137.88,341,49926
Cal-2023,137.0,139.1,135.05,139.0,136.01,249,50415
Cal-2023,140.75,143.5,139.75,142.2,142.37,220,50774
Cal-2023,142.0,142.25,137.95,140.0,140.4,191,51209
Cal-2023,145.0,147.1,139.5,140.3,143.25,414,51796
Cal-2023,140.0,143.75,136.2,138.0,140.21,328,52340
Cal-2023,137.56,139.75,135.0,137.5,136.5,265,52825
Cal-2023,136.0,143.15,134.0,143.0,141.16,425,53564
Cal-2023,149.0,149.0,145.35,147.5,145.72,235,53901
Cal-2023,147.0,147.0,137.5,137.5,139.79,333,54451
Cal-2023,136.5,138.25,135.0,136.0,136.5,328,54986
Cal-2023,136.5,140.5,134.5,137.5,136.13,307,55527
Cal-2023,136.5,138.25,134.75,136.0,137.94,149,55723
Cal-2023,136.0,139.0,136.0,137.25,138.81,154,56018
Cal-2023,141.68,148.0,141.68,147.2,147.98,367,56653
Cal-2023,148.5,159.9,148.5,157.85,156.43,415,57458
Cal-2023,180.0,185.0,164.0,168.0,181.66,398,58217
Cal-2023,162.0,164.0,142.5,144.5,145.86,348,58783
Cal-2023,165.0,165.0,143.0,143.0,151.12,207,59169
Cal-2023,149.0,157.0,149.0,156.5,155.92,282,59633
Cal-2023,163.0,175.0,156.0,164.25,162.75,290,60043
Cal-2023,172.0,177.0,155.0,156.0,163.06,232,60561
Cal-2023,163.75,172.5,159.0,167.0,168.82,170,60907
Cal-2023,177.0,185.0,174.0,174.5,175.93,157,61400
Cal-2023,180.0,189.0,177.5,182.25,187.14,163,61760
Cal-2023,184.5,185.0,172.0,173.5,173.41,80,61983
Cal-2023,170.0,173.0,161.0,167.25,167.15,131,62247
Cal-2023,164.0,170.8,161.9,168.25,168.85,60,62356
Cal-2023,163.0,164.0,157.5,158.0,159.89,61,62513
Cal-2023,157.0,164.0,157.0,160.0,161.38,91,62714
Cal-2023,162.5,162.5,154.0,155.25,154.81,116,62903
Cal-2023,158.0,159.0,156.0,157.5,158.7,77,63037
Cal-2023,159.5,162.0,155.64,157.6,158.25,78,63205
Cal-2023,156.5,161.0,156.5,158.0,158.5,45,63321
Cal-2023,158.0,163.5,157.8,163.5,162.13,142,63521
Cal-2023,165.4,174.0,165.4,171.0,172.94,120,63722
Cal-2023,175.0,181.33,174.0,174.35,174.94,105,63921
Cal-2023,171.0,173.75,166.96,167.97,169.52,66,64056
Cal-2023,168.0,171.5,167.0,171.0,169.23,89,65057
Cal-2023,173.0,178.0,172.5,176.0,175.44,122,65280
Cal-2023,177.75,186.0,177.75,182.0,181.27,107,65472
Cal-2023,178.0,187.5,178.0,185.75,184.28,123,65674
Cal-2023,185.81,189.0,183.0,183.0,186.53,130,65861
Cal-2023,187.0,187.0,181.75,182.25,181.84,92,65963
Cal-2023,184.0,186.25,180.8,184.25,184.99,119,66179
Cal-2023,186.0,189.0,186.0,188.0,188.5,91,66355
Cal-2023,186.0,191.95,186.0,189.97,191.41,85,66543
Cal-2023,192.0,197.75,191.75,191.75,193.88,131,66815
Cal-2023,194.25,194.25,190.0,192.0,192.2,48,66939
Cal-2023,195.0,197.5,193.75,197.5,197.14,84,67247
Cal-2023,199.0,204.0,199.0,204.0,201.7,92,67493
Cal-2023,201.0,201.5,189.0,189.0,199.47,67,67594
Cal-2023,195.5,197.5,194.75,195.25,195.13,83,67822
Cal-2023,196.5,203.75,196.5,200.25,202.67,110,68009
Cal-2023,202.0,207.0,202.0,206.25,205.79,109,68224
Cal-2023,208.0,209.0,205.01,205.5,205.5,62,68395
Cal-2023,207.25,207.5,203.7,203.7,206.17,111,68528
Cal-2023,204.0,207.5,195.0,204.0,197.0,144,68846
Cal-2023,211.0,212.5,197.0,202.1,202.06,141,69065
Cal-2023,200.0,201.75,196.0,198.5,200.48,101,69325
Cal-2023,196.0,201.5,195.25,199.5,201.25,76,69466
Cal-2023,199.0,204.5,196.0,197.5,200.47,48,69584
Cal-2023,201.0,207.0,199.0,206.3,205.0,143,69813
Cal-2023,212.0,221.0,212.0,221.0,215.4,184,70280
Cal-2023,220.0,229.0,218.0,228.0,224.07,182,70665
Cal-2023,228.0,228.0,224.0,225.11,224.6,70,70966
Cal-2023,219.25,219.25,211.95,212.5,217.87,135,71270
Cal-2023,211.5,220.25,210.3,218.0,214.0,113,71634
Cal-2023,216.0,223.0,213.0,220.0,221.92,110,72019
Cal-2023,223.0,235.0,223.0,229.25,227.8,175,72405
Cal-2023,229.5,230.0,228.0,228.3,229.7,85,72605
Cal-2023,226.0,227.65,221.95,226.75,226.9,85,72810
Cal-2023,222.3,233.0,216.7,232.0,232.88,75,73072
Cal-2023,229.0,236.0,225.5,225.5,229.93,135,73354
Cal-2023,227.0,229.0,225.25,229.0,227.35,106,73509
Cal-2023,227.0,229.0,223.5,223.5,228.33,80,73646
Cal-2023,220.0,223.49,219.75,221.0,221.64,95,73825
Cal-2023,221.5,225.1,221.5,225.0,224.04,125,74055
Cal-2023,226.5,230.0,226.0,229.75,227.2,90,74244
Cal-2023,230.82,233.0,229.0,231.0,231.3,24,74785
Cal-2023,230.0,233.0,229.0,232.05,232.12,37,74848
Cal-2023,237.0,239.0,232.25,234.5,233.93,92,75051
Cal-2023,236.0,240.0,236.0,238.0,239.5,133,75296
Cal-2023,236.5,243.0,234.0,240.25,241.23,172,75571
Cal-2023,241.0,247.4,241.0,245.75,243.5,58,75666
Cal-2023,246.0,250.0,245.9,250.0,248.5,56,75740
Cal-2023,248.0,249.0,245.3,246.0,247.4,36,75786
Cal-2023,244.25,245.5,241.99,242.0,243.04,183,76031
Cal-2023,239.6,239.6,234.0,237.0,235.26,184,76360
Cal-2023,240.0,241.1,229.0,231.75,231.96,182,76650
Cal-2023,230.0,230.0,223.25,224.0,225.28,120,76895
Cal-2023,222.0,224.5,219.0,219.0,219.78,169,77111
Cal-2023,221.39,224.39,218.5,223.5,221.03,178,77424
Cal-2023,227.0,237.0,223.5,235.0,230.53,236,77846
Cal-2023,240.0,252.0,223.75,225.25,240.51,277,78219
Cal-2023,230.0,238.0,230.0,233.0,236.62,148,78409
Cal-2023,227.0,234.0,218.6,233.0,232.51,219,78799
Cal-2023,238.0,239.0,234.0,238.0,237.58,118,78988
Cal-2023,236.0,248.5,235.0,244.0,245.1,140,79190
Cal-2023,248.0,262.0,248.0,261.0,259.94,212,79562
Cal-2023,265.0,266.0,255.0,256.5,256.1,102,79709
Cal-2023,262.0,263.5,257.5,261.2,263.24,79,79882
Cal-2023,260.0,269.0,257.5,267.75,268.47,122,80162
Cal-2023,273.0,285.0,273.0,285.0,281.35,158,80456
Cal-2023,282.0,298.25,282.0,293.49,295.23,167,80733
Cal-2023,294.5,310.0,289.0,310.0,295.97,170,80940
Cal-2023,315.0,328.0,312.0,324.25,321.9,171,81259
Cal-2023,328.0,329.25,314.0,318.0,321.0,159,80787
Cal-2023,305.0,345.55,305.0,345.55,330.16,199,81193
Cal-2023,353.0,371.0,335.0,370.0,369.38,215,81584
Cal-2023,364.0,369.38,346.5,352.0,353.0,182,82029
Cal-2023,351.0,365.0,350.0,356.0,356.67,84,82148
Cal-2023,360.0,362.0,356.0,360.0,358.98,94,82324
Cal-2023,360.0,369.0,356.5,363.0,359.49,126,82615
Cal-2023,361.5,361.5,352.0,355.0,354.74,145,82940
Cal-2023,349.0,350.0,337.0,338.0,338.02,85,83117
Cal-2023,341.0,342.0,332.21,338.0,334.88,75,83246
Cal-2023,345.0,345.0,332.21,334.0,335.35,115,83532
Cal-2023,334.75,337.5,323.0,330.0,324.14,124,83763
Cal-2023,321.0,330.0,317.25,330.0,327.74,114,84035
Cal-2023,340.0,340.0,332.0,335.0,336.41,70,84192
Cal-2023,339.0,350.86,337.5,350.86,342.45,56,84299
Cal-2023,356.0,380.0,356.0,380.0,374.56,92,84544
Cal-2023,384.0,390.0,364.5,369.75,372.49,188,85142
Cal-2023,365.0,369.0,358.0,365.0,367.71,68,85310
Cal-2023,365.0,367.0,358.25,367.0,361.34,72,85345
Cal-2023,370.0,386.0,370.0,384.0,384.41,84,85451
Cal-2023,390.0,405.0,390.0,390.5,398.5,138,85677
Cal-2023,395.0,405.0,394.0,405.0,398.49,105,85855
Cal-2023,396.0,410.57,395.0,405.0,405.0,168,86216
Cal-2023,410.0,413.0,399.0,407.0,406.83,95,86371
Cal-2023,411.5,414.0,404.0,405.6,406.54,107,86644
Cal-2023,401.61,411.0,398.5,411.0,406.96,107,86818
Cal-2023,413.0,430.0,413.0,430.0,426.66,143,87048
Cal-2023,431.0,456.5,431.0,449.0,454.63,123,87482
Cal-2023,445.5,463.0,445.5,461.5,460.38,116,87636
Cal-2023,470.0,486.0,470.0,486.0,477.27,43,87778
Cal-2023,490.0,530.5,488.0,499.0,507.35,254,88211
Cal-2023,500.0,521.0,500.0,516.0,511.6,153,88584
Cal-2023,513.0,541.0,511.0,540.0,537.38,155,88864
Cal-2023,535.0,573.0,535.0,573.0,559.0,119,89072
Cal-2023,620.0,710.0,620.0,663.0,637.75,155,89334
Cal-2023,635.0,658.0,607.0,619.0,625.5,108,89556
Cal-2023,630.0,680.0,610.0,680.0,643.0,119,89847
Cal-2023,705.0,792.0,695.0,792.0,748.4,159,90187
Cal-2023,750.0,995.0,750.0,950.0,985.0,108,90409
Cal-2023,970.0,1050.0,680.0,718.0,760.0,122,90881
Cal-2023,725.0,725.0,565.0,600.0,610.03,254,91321
Cal-2023,615.0,670.0,545.0,570.0,575.83,129,91629
Cal-2023,565.0,565.0,486.0,555.0,523.4,209,92175
Cal-2023,535.0,550.0,495.0,495.0,508.75,112,92048
Cal-2023,575.0,675.0,545.0,545.0,570.33,119,91777
Cal-2023,505.0,563.0,505.0,545.0,536.0,128,92426
Cal-2023,530.0,535.0,505.0,526.0,521.0,112,92883
Cal-2023,510.0,530.0,498.0,525.0,525.0,65,93023
Cal-2023,516.0,522.0,509.0,519.0,517.0,31,93222
Cal-2023,505.0,505.0,470.0,470.0,475.11,103,93428
Cal-2023,466.0,490.0,456.0,490.0,476.75,86,93641
Cal-2023,498.0,532.0,495.0,525.0,517.0,73,93850
Cal-2023,530.0,555.01,530.0,535.0,540.5,58,94006
Cal-2023,525.0,530.0,504.0,504.0,510.93,82,94139
Cal-2023,475.0,500.0,470.0,488.0,494.0,51,94197
Cal-2023,480.0,533.0,478.0,522.0,499.55,60,94357
Cal-2023,540.0,542.0,508.0,510.0,524.0,81,94530
Cal-2023,520.0,532.0,502.75,503.0,515.0,60,94625
Cal-2023,503.0,505.0,480.0,490.0,486.24,67,94753
Cal-2023,465.0,483.0,460.0,477.0,477.33,40,94845
Cal-2023,495.0,506.0,465.0,506.0,470.0,117,95106
Cal-2023,495.0,510.0,486.0,510.0,501.38,70,95207
Cal-2023,500.0,500.0,460.0,467.0,462.8,90,95352
Cal-2023,467.0,467.0,446.0,460.0,453.44,74,95431
Cal-2023,430.0,454.0,430.0,436.0,437.79,19,95495
Cal-2023,435.0,435.99,416.0,430.0,421.1,117,95732
Cal-2023,423.0,434.0,417.0,430.0,427.87,76,95908
Cal-2023,435.01,441.0,426.0,435.0,436.0,86,96143
Cal-2023,427.0,433.0,427.0,427.0,427.5,64,96300
Cal-2023,421.0,432.0,420.01,430.0,427.0,39,96380
Cal-2023,434.95,437.0,432.0,435.0,435.64,50,96507
Cal-2023,437.75,437.75,429.11,432.0,434.0,43,96574
Cal-2023,440.0,443.0,423.0,425.0,424.0,48,96692
Cal-2023,417.5,422.0,417.5,419.15,419.94,33,96732
Cal-2023,405.5,411.0,405.25,406.0,409.58,69,96915
Cal-2023,390.0,392.0,382.5,384.75,388.26,104,97081
Cal-2023,388.0,403.02,385.0,390.0,387.0,94,97402
Cal-2023,390.0,406.01,390.0,398.25,401.5,78,97667
Cal-2023,386.0,390.0,366.0,390.0,380.16,85,97826
Cal-2023,378.0,378.75,363.25,369.5,369.51,75,98029
Cal-2023,370.01,378.0,370.0,376.0,373.65,55,98152
Cal-2023,382.0,383.0,369.99,375.0,373.5,76,98289
Cal-2023,378.0,388.0,377.5,387.0,386.7,60,98467
Cal-2023,392.0,405.0,392.0,401.0,403.0,81,98657
Cal-2023,384.0,384.0,373.0,374.0,373.15,65,98774
Cal-2023,372.99,372.99,357.0,362.0,367.4,76,98856
Cal-2023,371.25,387.0,367.0,387.0,375.95,76,98946
Cal-2023,387.0,389.51,373.0,373.0,374.94,122,99092
Cal-2023,375.0,380.0,363.5,367.0,365.92,73,99199
Cal-2023,355.0,358.0,340.5,345.0,343.57,106,99412
Cal-2023,351.95,353.0,328.0,342.0,335.18,145,99607
Cal-2023,333.0,333.0,323.0,323.0,327.56,160,99831
Cal-2023,326.5,328.0,312.0,320.0,320.91,157,100059
Cal-2023,311.5,311.5,294.5,294.5,301.26,146,100411
Cal-2023,299.0,313.0,297.0,312.0,301.77,135,100619
Cal-2023,320.0,334.0,312.11,330.0,330.0,153,101143
Cal-2023,336.0,336.0,312.0,312.0,320.03,140,101531
Cal-2023,300.0,325.0,297.0,325.0,314.93,133,101858
Cal-2023,320.0,325.0,301.99,314.72,317.75,80,102121
Cal-2023,327.0,336.0,326.0,326.15,328.33,132,102367
Cal-2023,330.0,353.0,328.0,353.0,344.81,136,102753
Cal-2023,370.0,372.5,339.39,350.5,346.0,318,103437
Cal-2023,346.0,346.0,334.0,341.5,342.0,127,103784
Cal-2023,342.0,352.0,341.5,351.0,345.1,84,103873
Cal-2023,340.0,342.0,333.0,340.0,338.19,132,104116
Cal-2023,350.0,357.5,347.75,352.0,353.84,121,104365
Cal-2023,355.25,374.0,354.0,373.0,370.71,137,104601
Cal-2023,385.0,410.0,360.0,364.45,364.11,238,105021
Cal-2023,352.0,372.0,349.0,372.0,369.0,117,105409
Cal-2023,380.0,380.0,360.0,362.0,360.73,170,105739
Cal-2023,362.01,376.0,357.5,376.0,368.97,151,96539
Cal-2023,375.0,397.0,375.0,397.0,393.5,132,97008
Cal-2023,409.0,409.0,369.0,370.0,372.2,200,99275
Cal-2023,372.0,385.0,362.0,384.0,372.0,107,99484
Cal-2023,348.0,351.5,333.05,346.0,350.9,195,99973
Cal-2023,343.0,351.0,341.0,344.0,344.5,168,100270
Cal-2023,336.0,338.0,314.0,326.0,324.43,214,100707
Cal-2023,322.5,329.0,321.5,328.0,324.82,140,100940
Cal-2023,307.0,309.0,298.0,300.0,300.0,95,101081
Cal-2023,297.0,300.0,287.0,287.0,289.75,96,101279
Cal-2023,282.0,292.0,280.0,286.5,287.07,117,101460
Cal-2023,271.0,272.0,267.0,267.0,268.29,50,101633
Cal-2023,262.5,262.5,253.5,254.15,254.33,76,101950
Cal-2023,250.0,251.0,244.75,244.75,244.85,29,101986
Cal-2023,250.0,250.0,242.0,242.0,244.43,29,102013
Cal-2023,235.0,239.5,235.0,239.0,238.85,21,102013
Cal-2024,228.0,230.0,228.0,228.0,228.0,8,29492
Cal-2024,223.99,225.0,215.0,215.0,215.0,35,29538
Cal-2024,216.01,216.55,210.0,216.55,214.27,33,29585
Cal-2024,218.0,219.25,212.25,212.75,213.03,104,29706
Cal-2024,212.0,212.0,190.75,190.75,191.17,63,29846
Cal-2024,193.0,199.0,191.0,195.0,196.5,82,29986
Cal-2024,197.0,204.01,191.0,192.0,194.0,99,30145
Cal-2024,190.0,198.5,187.95,197.5,196.9,79,30316
Cal-2024,196.0,204.0,189.8,193.0,193.96,134,30567
Cal-2024,194.0,194.0,177.0,178.0,179.67,153,30842
Cal-2024,183.0,183.0,176.5,181.0,178.45,99,31009
Cal-2024,177.0,177.0,168.0,170.0,171.8,143,31227
Cal-2024,167.0,167.0,152.05,153.0,154.06,179,31551
Cal-2024,150.8,168.2,146.5,168.2,167.21,293,31952
Cal-2024,162.0,180.0,160.0,179.0,175.93,254,32345
Cal-2024,180.0,188.0,173.5,183.0,179.52,215,32696
Cal-2024,180.0,190.75,175.5,190.0,190.09,157,32979
Cal-2024,188.0,188.25,179.5,179.5,186.68,150,33258
Cal-2024,178.0,179.5,165.0,165.0,166.07,229,33582
Cal-2024,161.0,167.0,161.0,166.75,165.79,167,33842
Cal-2024,164.0,175.0,161.75,162.0,164.53,267,34223
Cal-2024,160.0,167.25,160.0,166.0,165.79,100,34397
Cal-2024,167.0,173.25,167.0,171.5,170.78,112,34558
Cal-2024,180.0,180.1,174.5,179.5,176.75,142,34767
Cal-2024,180.0,187.0,176.1,187.0,185.77,223,35176
Cal-2024,187.0,192.0,174.5,175.0,178.99,269,35661
Cal-2024,175.0,181.25,175.0,181.0,178.83,125,35842
Cal-2024,181.0,182.0,171.0,173.25,173.88,177,36109
Cal-2024,171.0,172.0,165.6,165.75,166.29,189,36411
Cal-2024,168.0,168.0,161.5,163.5,162.57,151,36669
Cal-2024,162.55,165.5,161.1,162.0,162.75,128,36891
Cal-2024,164.0,166.25,163.0,166.25,164.58,72,37012
Cal-2024,162.25,163.0,157.2,161.5,158.18,219,37339
Cal-2024,163.0,164.5,159.0,159.0,159.34,159,37609
Cal-2024,159.5,163.75,157.25,163.5,162.46,182,37892
Cal-2024,164.5,165.51,160.0,162.0,161.43,145,38262
Cal-2024,158.0,160.25,158.0,158.5,159.2,126,38441
Cal-2024,159.0,162.5,154.0,154.5,158.16,198,38735
Cal-2024,155.5,156.0,149.25,154.0,152.55,244,39166
Cal-2024,154.0,155.0,149.5,149.5,152.77,181,39519
Cal-2024,150.0,155.5,146.65,153.5,152.32,246,39992
Cal-2024,155.5,157.5,152.25,153.5,153.1,150,40293
Cal-2024,148.0,154.21,148.0,150.0,150.9,283,40647
Cal-2024,151.4,152.25,147.0,147.2,148.02,205,41050
Cal-2024,147.75,148.5,146.1,147.0,146.53,198,41348
Cal-2024,146.5,148.25,140.75,140.75,141.67,265,41724
Cal-2024,141.0,141.0,137.1,138.5,137.72,288,42028
Cal-2024,132.25,135.5,129.6,133.8,131.98,224,42336
Cal-2024,133.0,137.75,131.52,137.75,135.88,260,42805
Cal-2024,139.0,145.0,136.25,136.85,139.15,505,43641
Cal-2024,135.75,150.75,132.75,150.75,143.08,488,44287
Cal-2024,155.0,161.0,144.75,160.0,159.82,485,45126
Cal-2024,156.0,163.5,147.0,147.0,151.63,474,45760
Cal-2024,145.0,148.25,137.26,138.5,138.11,332,46242
Cal-2024,137.0,140.25,131.5,135.5,133.86,295,46719
Cal-2024,137.75,138.0,132.0,137.5,135.63,311,47212
Cal-2024,138.5,141.5,135.1,135.75,136.39,190,47521
Cal-2024,131.5,132.95,130.0,130.1,130.25,196,47803
Cal-2024,130.5,138.5,130.5,137.0,137.81,210,48186
Cal-2024,138.5,139.5,132.75,134.5,134.52,198,48554
Cal-2024,135.75,144.25,135.0,144.25,142.55,265,46654
Cal-2024,144.9,144.9,133.0,134.75,133.75,339,47018
Cal-2024,134.02,137.01,131.67,134.0,133.56,201,47296
Cal-2024,132.0,139.25,131.4,138.25,137.48,262,47718
Cal-2024,138.5,143.9,137.5,139.95,139.01,185,48021
Cal-2024,139.3,144.5,139.0,143.5,143.63,168,48304
Cal-2024,145.0,153.5,144.75,151.55,153.09,289,48670
Cal-2024,156.5,163.5,151.28,159.7,162.92,350,49112
Cal-2024,158.0,160.0,148.5,148.5,152.15,384,49700
Cal-2024,147.0,154.23,146.69,149.0,147.12,256,47657
Cal-2024,149.0,149.0,144.05,144.75,145.42,150,47788
Cal-2024,142.0,152.5,141.5,152.5,149.97,258,48154
Cal-2024,151.99,155.5,149.35,154.4,154.16,371,48880
Cal-2024,153.5,153.8,148.75,148.99,151.57,330,49250
Cal-2024,150.0,150.26,144.79,148.0,146.59,294,49562
Cal-2024,149.46,150.0,145.25,147.0,146.71,167,49748
Cal-2024,147.5,150.9,145.75,149.5,150.59,194,50026
Cal-2024,151.0,153.25,146.0,147.0,147.79,198,50313
Cal-2024,147.01,148.75,145.26,148.0,148.16,182,50594
Cal-2024,148.01,149.5,143.8,145.0,144.26,209,50517
Cal-2024,143.51,144.74,141.25,144.0,144.02,172,50728
Cal-2024,143.75,146.0,141.99,143.0,144.57,210,50982
Cal-2024,142.5,142.9,139.6,142.9,141.8,348,50000
Cal-2024,141.25,147.5,141.0,147.5,146.78,312,50359
Cal-2024,146.61,150.75,146.55,148.65,147.3,236,50644
Cal-2024,146.95,150.75,146.05,146.75,147.13,200,50881
Cal-2024,146.5,146.75,142.75,144.0,144.13,212,51053
Cal-2024,143.99,144.44,142.1,142.75,142.76,175,51127
Cal-2024,142.1,145.5,142.0,144.75,144.75,156,51284
Cal-2024,144.98,147.0,144.24,146.8,146.55,95,51378
Cal-2024,147.0,149.5,144.5,149.5,148.54,266,51789
Cal-2024,149.99,151.51,147.55,149.19,149.48,236,52096
Cal-2024,148.71,150.75,147.53,149.99,149.77,244,52333
Cal-2024,150.5,150.5,145.25,146.5,145.57,200,52536
Cal-2024,144.0,144.5,138.01,139.2,138.74,510,53052
Cal-2024,139.26,139.26,134.5,138.25,136.57,375,53459
Cal-2024,138.5,141.95,137.25,141.0,141.05,283,53831
Cal-2024,140.0,141.0,136.0,138.0,137.05,109,53913
Cal-2024,137.11,139.0,137.05,137.05,137.8,148,54040
Cal-2024,135.01,137.0,133.6,133.94,136.05,234,54316
Cal-2024,134.5,136.1,132.5,136.1,134.51,238,54279
Cal-2024,136.24,136.5,132.8,133.87,133.01,226,54503
Cal-2024,132.5,132.5,127.3,127.6,127.9,440,54934
Cal-2024,126.76,128.24,123.01,124.25,124.48,227,55326
Cal-2024,124.67,125.25,124.0,124.25,124.54,25,55334
Cal-2024,122.99,123.0,121.25,122.4,122.47,306,55671
Cal-2024,120.5,125.8,119.25,124.0,124.58,477,56234
Cal-2024,122.25,123.1,117.6,118.27,118.13,431,56601
Cal-2024,117.3,120.35,116.7,118.0,118.96,303,56966
Cal-2024,119.35,127.25,118.26,126.75,125.06,456,57445
Cal-2024,129.5,130.0,118.75,119.0,119.24,474,58051
Cal-2024,118.0,124.5,115.5,123.4,122.14,427,58477
Cal-2024,121.2,126.35,119.65,123.75,125.05,275,58824
Cal-2024,125.5,136.1,125.44,133.01,133.8,345,59171
Cal-2024,136.0,136.0,127.25,133.01,134.07,373,59576
Cal-2024,132.25,144.5,129.15,144.0,143.74,624,60211
Cal-2024,142.0,153.75,139.5,149.25,150.33,825,61036
Cal-2024,148.0,164.0,148.0,150.0,153.12,736,61896
Cal-2024,146.5,148.0,139.75,139.75,144.31,494,62396
Cal-2024,138.0,147.45,135.15,147.0,144.85,436,62830
Cal-2024,148.5,154.4,146.0,150.5,151.58,481,63314
Cal-2024,148.5,152.3,145.55,147.0,145.95,418,63682
Cal-2024,146.15,146.15,141.1,144.0,143.7,300,64107
Cal-2024,140.5,142.0,139.6,142.0,140.95,203,64309
Cal-2024,145.49,147.25,137.25,138.5,138.02,251,64708
Cal-2024,137.75,144.49,135.5,143.25,143.23,370,65072
Cal-2024,143.0,144.86,138.73,139.25,140.54,299,65439
Cal-2024,138.25,141.65,136.75,140.0,140.65,265,65641
Cal-2024,137.55,144.94,137.55,143.75,143.71,195,65912
Cal-2024,145.0,146.75,137.5,138.5,138.27,301,66229
Cal-2024,138.25,141.75,136.9,141.5,141.52,277,66495
Cal-2024,140.75,143.0,138.97,141.15,141.06,161,66775
Cal-2024,140.2,142.5,139.75,142.1,141.14,172,67014
Cal-2024,143.74,145.15,142.5,144.15,145.09,156,67262
Cal-2024,145.99,146.5,138.5,138.75,139.16,201,67617
Cal-2024,138.2,138.5,132.25,133.55,132.54,477,68117
Cal-2024,133.0,134.25,129.75,130.89,130.01,292,68362
Cal-2024,129.5,133.5,128.3,132.8,131.6,332,68637
Cal-2024,133.74,136.5,131.9,132.0,132.73,257,68870
Cal-2024,130.7,133.51,130.01,133.06,132.77,178,68880
Cal-2024,134.09,138.5,132.51,138.5,137.79,230,69144
Cal-2024,138.0,143.63,134.96,140.0,142.47,515,69684
Cal-2024,139.0,145.1,139.0,144.0,143.33,371,70114
Cal-2024,145.25,148.51,141.49,142.0,141.94,307,70439
Cal-2024,144.0,145.25,140.26,143.57,144.17,183,70613
Cal-2024,144.0,148.25,143.21,148.25,147.58,416,70867
Cal-2024,149.75,149.98,141.62,141.8,141.94,402,71164
Cal-2024,141.25,144.0,140.5,143.24,143.13,276,71389
Cal-2024,140.51,141.0,136.68,137.0,137.55,228,71643
Cal-2024,137.5,140.49,134.5,139.0,138.14,279,71859
Cal-2024,140.0,141.58,134.88,135.3,135.25,268,72129
Cal-2024,133.5,134.84,132.55,134.0,134.52,309,72459
Cal-2024,135.5,137.0,133.45,137.0,135.87,365,72759
Cal-2024,137.5,137.5,131.49,132.75,133.25,301,72968
Cal-2024,132.76,134.68,132.0,134.16,133.34,184,73127
Cal-2024,133.99,134.15,130.95,133.5,133.78,278,73406
Cal-2024,134.5,140.79,133.51,137.5,138.02,326,73769
Cal-2024,137.51,139.0,134.46,136.0,135.89,320,73994
Cal-2024,134.5,137.5,133.6,137.5,136.25,177,74079
Cal-2024,137.75,138.99,135.7,138.9,136.8,155,74248
Cal-2024,140.49,144.0,139.0,143.6,142.45,314,74690
Cal-2024,143.0,146.0,139.75,140.75,141.67,303,74998
Cal-2024,139.8,143.44,139.21,141.4,140.72,290,75261
Cal-2024,142.5,144.8,139.5,142.75,141.08,146,75389
Cal-2024,144.99,145.0,142.0,143.49,144.61,208,75645
Cal-2024,144.0,146.6,141.6,145.75,145.34,490,76098
Cal-2024,144.51,145.0,138.75,140.7,140.31,349,76436
Cal-2024,135.0,135.84,132.75,133.0,133.29,390,76759
Cal-2024,133.25,136.5,133.25,135.4,134.56,235,76937
Cal-2024,136.24,139.0,134.15,138.0,138.74,144,77073
Cal-2024,138.5,139.0,134.25,135.3,134.88,276,77269
Cal-2024,133.99,137.5,133.99,136.27,137.4,212,77531
Cal-2024,136.6,137.0,133.75,134.25,134.2,253,77668
Cal-2024,135.5,135.75,133.0,135.75,133.54,272,77823
Cal-2024,133.5,134.85,131.0,131.2,132.12,275,78080
Cal-2024,132.0,133.3,129.75,132.5,131.99,420,78410
Cal-2024,132.51,133.0,127.42,127.7,128.16,417,78745
Cal-2024,128.25,129.28,126.5,129.25,128.68,482,79186
Cal-2024,131.0,132.0,127.26,128.0,127.83,372,79469
Cal-2024,129.75,131.5,128.01,129.0,128.38,277,79774
Cal-2024,127.5,128.38,126.15,127.52,127.08,296,80013
Cal-2024,126.75,130.45,126.23,130.45,129.9,289,80343
Cal-2024,129.25,130.51,127.75,128.95,129.13,345,80570
Cal-2024,128.01,129.99,128.0,129.25,129.71,157,80730
Cal-2024,127.9,128.35,125.6,126.0,126.46,216,80919
Cal-2024,125.25,127.45,125.01,127.1,127.15,341,81176
Cal-2024,126.8,127.84,125.01,125.4,125.58,241,81430
Cal-2024,123.79,126.36,123.75,126.0,126.2,466,81774
Cal-2024,125.0,128.14,125.0,127.0,126.33,289,81970
Cal-2024,127.25,129.35,127.0,127.6,128.85,431,82325
Cal-2024,126.5,127.5,123.0,123.31,123.99,396,82754
Cal-2024,122.06,123.95,122.0,123.5,123.3,296,82967
Cal-2024,123.16,125.55,122.45,122.88,122.63,300,83272
Cal-2024,122.26,122.33,120.8,122.0,121.47,314,83649
Cal-2024,121.4,121.4,118.05,118.2,118.23,289,83941
Cal-2024,117.25,117.5,114.28,115.0,114.87,376,84331
Cal-2024,116.0,117.94,115.0,116.77,117.15,372,84736
Cal-2024,116.0,117.45,114.4,114.5,114.97,427,85081
Cal-2024,113.75,116.98,113.75,116.0,116.71,246,85273
Cal-2024,118.44,123.3,118.44,122.4,122.83,460,85763
Cal-2024,125.0,131.99,123.0,131.99,130.72,762,86609
Cal-2024,128.5,130.1,126.25,128.0,127.69,670,87165
Cal-2024,127.5,134.65,127.5,134.65,134.19,718,87794
Cal-2024,133.1,139.12,133.01,139.12,137.85,619,88469
Cal-2024,138.5,138.5,130.65,131.25,130.81,428,88869
Cal-2024,130.5,130.5,126.82,130.0,129.5,389,89421
Cal-2024,129.0,133.25,128.75,132.0,131.76,330,89310
Cal-2024,130.0,132.77,126.69,132.77,131.59,326,89622
Cal-2024,135.24,135.26,130.0,131.0,131.92,417,89966
Cal-2024,129.0,132.25,127.1,131.65,131.63,268,90251
Cal-2024,130.31,131.99,126.4,127.0,127.56,374,90699
Cal-2024,126.5,128.25,124.51,125.84,124.96,207,90965
Cal-2024,128.0,128.0,124.26,125.3,125.24,299,91216
Cal-2024,125.5,127.33,124.73,126.0,125.41,149,91363
Cal-2024,128.0,129.5,123.77,124.26,125.06,265,91732
Cal-2024,123.25,123.49,117.07,117.34,117.85,427,92271
Cal-2024,116.51,118.4,115.5,118.1,117.12,339,92588
Cal-2024,117.0,119.61,115.5,119.5,118.47,396,93023
Cal-2024,119.0,121.5,117.5,118.9,119.26,270,93264
Cal-2024,116.86,116.9,113.25,113.7,113.41,329,93787
Cal-2024,114.25,115.95,112.85,114.9,114.14,256,94025
Cal-2024,113.7,114.5,111.96,112.59,112.38,308,94352
Cal-2024,113.69,118.15,113.69,117.74,116.9,303,94776
Cal-2024,116.55,116.55,113.38,114.95,115.22,238,95031
Cal-2024,113.0,116.35,111.75,115.14,116.08,265,95310
Cal-2024,115.85,118.65,114.0,117.45,117.98,348,95770
Cal-2024,118.99,119.9,116.22,116.81,117.14,310,96139
Cal-2024,116.25,117.4,113.75,114.4,114.31,394,96629
Cal-2024,114.99,115.35,112.35,113.0,112.88,200,96963
Cal-2024,116.0,118.0,112.25,113.12,113.15,277,97503
Cal-2024,113.4,113.55,108.5,109.66,110.18,334,98013
Cal-2024,110.0,111.4,107.66,109.95,109.48,350,98257
Cal-2024,110.5,113.75,109.25,112.36,112.59,353,98568
Cal-2024,111.25,113.14,110.71,111.2,112.05,227,98860
Cal-2024,110.01,110.01,106.6,107.19,107.39,346,99322
Cal-2024,107.01,107.01,103.6,105.6,105.18,406,99780
Cal-2024,104.01,105.09,100.55,100.95,101.77,392,100332
Cal-2024,100.21,103.2,100.21,101.89,102.47,374,100763
Cal-2024,103.88,105.0,102.01,104.41,104.4,284,101104
Cal-2024,101.0,102.31,99.9,100.65,100.13,400,101570
Cal-2024,99.26,99.89,95.9,97.0,96.26,486,102028
Cal-2024,97.5,98.75,97.2,97.85,97.87,387,102369
Cal-2024,98.49,100.4,97.88,100.35,99.61,389,102582
Cal-2024,101.0,102.0,96.5,97.01,96.66,366,102846
Cal-2024,94.0,94.5,91.15,92.2,91.52,414,103263
Cal-2024,91.5,91.95,89.65,90.1,90.25,339,103699
Cal-2024,90.0,91.85,89.8,91.35,91.3,397,104291
Cal-2024,92.47,92.47,89.55,89.55,90.09,447,104711
Cal-2024,88.9,89.0,87.55,88.5,87.82,338,105026
Cal-2024,87.51,94.25,86.75,91.2,91.27,452,105409
Cal-2024,89.0,89.0,86.2,87.31,86.62,299,105763
Cal-2024,88.25,90.45,87.7,90.45,89.7,260,105975
Cal-2024,91.75,95.05,91.7,92.99,92.04,254,106264
Cal-2024,91.5,94.2,91.0,93.0,93.04,165,106476
Cal-2024,96.0,98.16,95.6,95.6,95.72,68,106476
Cal-2025,98.5,98.95,97.0,97.34,97.5,159,29495
Cal-2025,96.75,96.89,94.86,95.5,95.51,107,29541
